,Sequence,Explanation,Prediction
0,"- 1117838570 2005.06.03 R02-M1-N0-C:J12-U11 2005-06-03-15.42.50.675872 R02-M1-N0-C:J12-U11 RAS KERNEL INFO instruction cache parity error corrected - <*> 2005.06.03 R02-M1-N0-C:J12-U11 <*> R02-M1-N0-C:J12-U11 RAS KERNEL INFO instruction cache parity error corrected - <*> 2005.06.03 R02-M1-N0-C:J12-U11 <*> R02-M1-N0-C:J12-U11 RAS KERNEL INFO instruction cache parity error corrected - <*> 2005.06.03 R02-M1-N0-C:J12-U11 <*> R02-M1-N0-C:J12-U11 RAS KERNEL INFO instruction cache parity error corrected - 1117842440 2005.06.03 R23-M0-NE-C:J05-U01 2005-06-03-16.47.20.730545 R23-M0-NE-C:J05-U01 RAS KERNEL INFO 63543 double-hummer alignment exceptions - <*> 2005.06.03 <*> <*> <*> RAS KERNEL INFO <*> double-hummer alignment exceptions - <*> 2005.06.03 <*> <*> <*> RAS KERNEL INFO <*> double-hummer alignment exceptions - 1117848119 2005.06.03 R16-M1-N2-C:J17-U01 2005-06-03-18.21.59.871925 R16-M1-N2-C:J17-U01 RAS KERNEL INFO CE sym 2, at 0x0b85eee0, mask 0x05 APPREAD 1117869872 2005.06.04 R04-M1-N4-I:J18-U11 2005-06-04-00.24.32.432192 R04-M1-N4-I:J18-U11 RAS APP FATAL ciod: failed to read message prefix on control stream (CioStream socket to 172.16.96.116:33569 APPREAD <*> 2005.06.04 <*> <*> <*> RAS APP FATAL ciod: failed to read message prefix on control stream (CioStream socket to <*>",,0
1,"- <*> 2005.06.03 R02-M1-N0-C:J12-U11 <*> R02-M1-N0-C:J12-U11 RAS KERNEL INFO instruction cache parity error corrected - 1117842440 2005.06.03 R23-M0-NE-C:J05-U01 2005-06-03-16.47.20.730545 R23-M0-NE-C:J05-U01 RAS KERNEL INFO 63543 double-hummer alignment exceptions - <*> 2005.06.03 <*> <*> <*> RAS KERNEL INFO <*> double-hummer alignment exceptions - <*> 2005.06.03 <*> <*> <*> RAS KERNEL INFO <*> double-hummer alignment exceptions - 1117848119 2005.06.03 R16-M1-N2-C:J17-U01 2005-06-03-18.21.59.871925 R16-M1-N2-C:J17-U01 RAS KERNEL INFO CE sym 2, at 0x0b85eee0, mask 0x05 APPREAD 1117869872 2005.06.04 R04-M1-N4-I:J18-U11 2005-06-04-00.24.32.432192 R04-M1-N4-I:J18-U11 RAS APP FATAL ciod: failed to read message prefix on control stream (CioStream socket to 172.16.96.116:33569 APPREAD <*> 2005.06.04 <*> <*> <*> RAS APP FATAL ciod: failed to read message prefix on control stream (CioStream socket to <*> - <*> <*> <*> <*> <*> RAS KERNEL INFO CE sym <*> at <*> mask <*> - 1117955341 2005.06.05 R25-M0-N7-C:J02-U01 2005-06-05-00.09.01.903373 R25-M0-N7-C:J02-U01 RAS KERNEL INFO generating core.2275 - <*> 2005.06.05 <*> <*> <*> RAS KERNEL INFO generating <*>","Repeated double-hummer alignment and CE syms, repeated core.2275",1
2,"- <*> 2005.06.03 <*> <*> <*> RAS KERNEL INFO <*> double-hummer alignment exceptions - 1117848119 2005.06.03 R16-M1-N2-C:J17-U01 2005-06-03-18.21.59.871925 R16-M1-N2-C:J17-U01 RAS KERNEL INFO CE sym 2, at 0x0b85eee0, mask 0x05 APPREAD 1117869872 2005.06.04 R04-M1-N4-I:J18-U11 2005-06-04-00.24.32.432192 R04-M1-N4-I:J18-U11 RAS APP FATAL ciod: failed to read message prefix on control stream (CioStream socket to 172.16.96.116:33569 APPREAD <*> 2005.06.04 <*> <*> <*> RAS APP FATAL ciod: failed to read message prefix on control stream (CioStream socket to <*> - <*> <*> <*> <*> <*> RAS KERNEL INFO CE sym <*> at <*> mask <*> - 1117955341 2005.06.05 R25-M0-N7-C:J02-U01 2005-06-05-00.09.01.903373 R25-M0-N7-C:J02-U01 RAS KERNEL INFO generating core.2275 - <*> 2005.06.05 <*> <*> <*> RAS KERNEL INFO generating <*> - <*> 2005.06.05 <*> <*> <*> RAS KERNEL INFO generating <*> - <*> 2005.06.05 <*> <*> <*> RAS KERNEL INFO generating <*> - <*> 2005.06.05 <*> <*> <*> RAS KERNEL INFO generating <*>",,0
3,APPREAD <*> 2005.06.04 <*> <*> <*> RAS APP FATAL ciod: failed to read message prefix on control stream (CioStream socket to <*> - <*> <*> <*> <*> <*> RAS KERNEL INFO CE sym <*> at <*> mask <*> - 1117955341 2005.06.05 R25-M0-N7-C:J02-U01 2005-06-05-00.09.01.903373 R25-M0-N7-C:J02-U01 RAS KERNEL INFO generating core.2275 - <*> 2005.06.05 <*> <*> <*> RAS KERNEL INFO generating <*> - <*> 2005.06.05 <*> <*> <*> RAS KERNEL INFO generating <*> - <*> 2005.06.05 <*> <*> <*> RAS KERNEL INFO generating <*> - <*> 2005.06.05 <*> <*> <*> RAS KERNEL INFO generating <*> - <*> 2005.06.05 <*> <*> <*> RAS KERNEL INFO generating <*> - <*> 2005.06.05 <*> <*> <*> RAS KERNEL INFO generating <*> - <*> 2005.06.05 <*> <*> <*> RAS KERNEL INFO generating <*>,Repeated kernel core generation and message generation indicate severe system instability.,1
4,- <*> 2005.06.05 <*> <*> <*> RAS KERNEL INFO generating <*> - <*> 2005.06.05 <*> <*> <*> RAS KERNEL INFO generating <*> - <*> 2005.06.05 <*> <*> <*> RAS KERNEL INFO generating <*> - <*> 2005.06.05 <*> <*> <*> RAS KERNEL INFO generating <*> - <*> 2005.06.05 <*> <*> <*> RAS KERNEL INFO generating <*> - <*> 2005.06.05 <*> <*> <*> RAS KERNEL INFO generating <*> - <*> 2005.06.05 <*> <*> <*> RAS KERNEL INFO generating <*> - <*> 2005.06.05 <*> <*> <*> RAS KERNEL INFO generating <*> - <*> 2005.06.05 <*> <*> <*> RAS KERNEL INFO generating <*> - <*> 2005.06.05 <*> <*> <*> RAS KERNEL INFO generating <*>,,0
5,- <*> 2005.06.05 <*> <*> <*> RAS KERNEL INFO generating <*> - <*> 2005.06.05 <*> <*> <*> RAS KERNEL INFO generating <*> - <*> 2005.06.05 <*> <*> <*> RAS KERNEL INFO generating <*> - <*> 2005.06.05 <*> <*> <*> RAS KERNEL INFO generating <*> - <*> 2005.06.05 <*> <*> <*> RAS KERNEL INFO generating <*> - <*> 2005.06.05 <*> <*> <*> RAS KERNEL INFO generating <*> - <*> 2005.06.05 <*> <*> <*> RAS KERNEL INFO generating <*> - <*> 2005.06.05 <*> <*> <*> RAS KERNEL INFO generating <*> - <*> 2005.06.05 <*> <*> <*> RAS KERNEL INFO generating <*> - <*> 2005.06.05 <*> <*> <*> RAS KERNEL INFO generating <*>,,0
6,- <*> 2005.06.05 <*> <*> <*> RAS KERNEL INFO generating <*> - <*> 2005.06.05 <*> <*> <*> RAS KERNEL INFO generating <*> - <*> 2005.06.05 <*> <*> <*> RAS KERNEL INFO generating <*> - <*> 2005.06.05 <*> <*> <*> RAS KERNEL INFO generating <*> - <*> 2005.06.05 <*> <*> <*> RAS KERNEL INFO generating <*> - <*> 2005.06.05 <*> <*> <*> RAS KERNEL INFO generating <*> - <*> 2005.06.05 <*> <*> <*> RAS KERNEL INFO generating <*> - <*> 2005.06.05 <*> <*> <*> RAS KERNEL INFO generating <*> - <*> 2005.06.05 <*> <*> <*> RAS KERNEL INFO generating <*> - <*> 2005.06.05 <*> <*> <*> RAS KERNEL INFO generating <*>,,0
7,- <*> 2005.06.05 <*> <*> <*> RAS KERNEL INFO generating <*> - <*> 2005.06.05 <*> <*> <*> RAS KERNEL INFO generating <*> - <*> 2005.06.05 <*> <*> <*> RAS KERNEL INFO generating <*> - <*> 2005.06.05 <*> <*> <*> RAS KERNEL INFO generating <*> - <*> 2005.06.05 <*> <*> <*> RAS KERNEL INFO generating <*> - <*> 2005.06.05 <*> <*> <*> RAS KERNEL INFO generating <*> - <*> 2005.06.05 <*> <*> <*> RAS KERNEL INFO generating <*> - <*> 2005.06.05 <*> <*> <*> RAS KERNEL INFO generating <*> - <*> 2005.06.05 <*> <*> <*> RAS KERNEL INFO generating <*> - <*> 2005.06.05 <*> <*> <*> RAS KERNEL INFO generating <*>,,0
8,- <*> 2005.06.05 <*> <*> <*> RAS KERNEL INFO generating <*> - <*> 2005.06.05 <*> <*> <*> RAS KERNEL INFO generating <*> - <*> 2005.06.05 <*> <*> <*> RAS KERNEL INFO generating <*> - <*> 2005.06.05 <*> <*> <*> RAS KERNEL INFO generating <*> - <*> 2005.06.05 <*> <*> <*> RAS KERNEL INFO generating <*> - <*> 2005.06.05 <*> <*> <*> RAS KERNEL INFO generating <*> - <*> 2005.06.05 <*> <*> <*> RAS KERNEL INFO generating <*> - 1117984246 2005.06.05 R30-M1-N3-C:J02-U01 2005-06-05-08.10.46.344235 R30-M1-N3-C:J02-U01 RAS KERNEL FATAL force load/store alignment...............0 - <*> 2005.06.05 <*> <*> <*> RAS KERNEL INFO generating <*> - <*> 2005.06.05 <*> <*> <*> RAS KERNEL INFO generating <*>,,0
9,- <*> 2005.06.05 <*> <*> <*> RAS KERNEL INFO generating <*> - <*> 2005.06.05 <*> <*> <*> RAS KERNEL INFO generating <*> - <*> 2005.06.05 <*> <*> <*> RAS KERNEL INFO generating <*> - <*> 2005.06.05 <*> <*> <*> RAS KERNEL INFO generating <*> - 1117984246 2005.06.05 R30-M1-N3-C:J02-U01 2005-06-05-08.10.46.344235 R30-M1-N3-C:J02-U01 RAS KERNEL FATAL force load/store alignment...............0 - <*> 2005.06.05 <*> <*> <*> RAS KERNEL INFO generating <*> - <*> 2005.06.05 <*> <*> <*> RAS KERNEL INFO generating <*> - <*> 2005.06.05 <*> <*> <*> RAS KERNEL INFO generating <*> - <*> 2005.06.05 <*> <*> <*> RAS KERNEL INFO generating <*> - <*> 2005.06.05 <*> <*> <*> RAS KERNEL INFO generating <*>,,0
10,- <*> 2005.06.05 <*> <*> <*> RAS KERNEL INFO generating <*> - 1117984246 2005.06.05 R30-M1-N3-C:J02-U01 2005-06-05-08.10.46.344235 R30-M1-N3-C:J02-U01 RAS KERNEL FATAL force load/store alignment...............0 - <*> 2005.06.05 <*> <*> <*> RAS KERNEL INFO generating <*> - <*> 2005.06.05 <*> <*> <*> RAS KERNEL INFO generating <*> - <*> 2005.06.05 <*> <*> <*> RAS KERNEL INFO generating <*> - <*> 2005.06.05 <*> <*> <*> RAS KERNEL INFO generating <*> - <*> 2005.06.05 <*> <*> <*> RAS KERNEL INFO generating <*> - <*> 2005.06.05 <*> <*> <*> RAS KERNEL INFO generating <*> - <*> 2005.06.05 <*> <*> <*> RAS KERNEL INFO generating <*> - <*> 2005.06.05 <*> <*> <*> RAS KERNEL INFO generating <*>,,0
11,- <*> 2005.06.05 <*> <*> <*> RAS KERNEL INFO generating <*> - <*> 2005.06.05 <*> <*> <*> RAS KERNEL INFO generating <*> - <*> 2005.06.05 <*> <*> <*> RAS KERNEL INFO generating <*> - <*> 2005.06.05 <*> <*> <*> RAS KERNEL INFO generating <*> - <*> 2005.06.05 <*> <*> <*> RAS KERNEL INFO generating <*> - <*> 2005.06.05 <*> <*> <*> RAS KERNEL INFO generating <*> - <*> 2005.06.05 <*> <*> <*> RAS KERNEL INFO generating <*> - <*> 2005.06.05 <*> <*> <*> RAS KERNEL INFO generating <*> - <*> 2005.06.05 <*> <*> <*> RAS KERNEL INFO generating <*> - <*> 2005.06.05 <*> <*> <*> RAS KERNEL INFO generating <*>,,0
12,- <*> 2005.06.05 <*> <*> <*> RAS KERNEL INFO generating <*> - <*> 2005.06.05 <*> <*> <*> RAS KERNEL INFO generating <*> - <*> 2005.06.05 <*> <*> <*> RAS KERNEL INFO generating <*> - <*> 2005.06.05 <*> <*> <*> RAS KERNEL INFO generating <*> - <*> 2005.06.05 <*> <*> <*> RAS KERNEL INFO generating <*> - <*> 2005.06.05 <*> <*> <*> RAS KERNEL INFO generating <*> - <*> 2005.06.05 <*> <*> <*> RAS KERNEL INFO generating <*> - <*> 2005.06.05 <*> <*> <*> RAS KERNEL INFO generating <*> - <*> 2005.06.05 <*> <*> <*> RAS KERNEL INFO generating <*> - <*> 2005.06.05 <*> <*> <*> RAS KERNEL INFO generating <*>,,0
13,- <*> 2005.06.05 <*> <*> <*> RAS KERNEL INFO generating <*> - <*> 2005.06.05 <*> <*> <*> RAS KERNEL INFO generating <*> - <*> 2005.06.05 <*> <*> <*> RAS KERNEL INFO generating <*> - <*> 2005.06.05 <*> <*> <*> RAS KERNEL INFO generating <*> - <*> 2005.06.05 <*> <*> <*> RAS KERNEL INFO generating <*> - <*> 2005.06.05 <*> <*> <*> RAS KERNEL INFO generating <*> - <*> 2005.06.05 <*> <*> <*> RAS KERNEL INFO generating <*> - <*> 2005.06.05 <*> <*> <*> RAS KERNEL INFO generating <*> - <*> 2005.06.05 <*> <*> <*> RAS KERNEL INFO generating <*> - <*> 2005.06.05 <*> <*> <*> RAS KERNEL INFO generating <*>,,0
14,- <*> 2005.06.05 <*> <*> <*> RAS KERNEL INFO generating <*> - <*> 2005.06.05 <*> <*> <*> RAS KERNEL INFO generating <*> - <*> 2005.06.05 <*> <*> <*> RAS KERNEL INFO generating <*> - <*> 2005.06.05 <*> <*> <*> RAS KERNEL INFO generating <*> - <*> 2005.06.05 <*> <*> <*> RAS KERNEL INFO generating <*> - <*> 2005.06.05 <*> <*> <*> RAS KERNEL INFO generating <*> - <*> 2005.06.05 <*> <*> <*> RAS KERNEL INFO generating <*> - <*> 2005.06.05 <*> <*> <*> RAS KERNEL INFO generating <*> - <*> 2005.06.05 <*> <*> <*> RAS KERNEL INFO generating <*> - <*> 2005.06.05 <*> <*> <*> RAS KERNEL INFO generating <*>,,0
15,- <*> 2005.06.05 <*> <*> <*> RAS KERNEL INFO generating <*> - <*> 2005.06.05 <*> <*> <*> RAS KERNEL INFO generating <*> - <*> 2005.06.05 <*> <*> <*> RAS KERNEL INFO generating <*> - <*> 2005.06.05 <*> <*> <*> RAS KERNEL INFO generating <*> - <*> 2005.06.05 <*> <*> <*> RAS KERNEL INFO generating <*> - <*> 2005.06.05 <*> <*> <*> RAS KERNEL INFO generating <*> - <*> 2005.06.05 <*> <*> <*> RAS KERNEL INFO generating <*> - <*> 2005.06.05 <*> <*> <*> RAS KERNEL INFO generating <*> - <*> 2005.06.05 <*> <*> <*> RAS KERNEL INFO generating <*> - <*> 2005.06.05 <*> <*> <*> RAS KERNEL INFO generating <*>,,0
16,- <*> 2005.06.05 <*> <*> <*> RAS KERNEL INFO generating <*> - <*> 2005.06.05 <*> <*> <*> RAS KERNEL INFO generating <*> - <*> 2005.06.05 <*> <*> <*> RAS KERNEL INFO generating <*> - <*> 2005.06.05 <*> <*> <*> RAS KERNEL INFO generating <*> - <*> 2005.06.05 <*> <*> <*> RAS KERNEL INFO generating <*> - <*> 2005.06.05 <*> <*> <*> RAS KERNEL INFO generating <*> - <*> 2005.06.05 <*> <*> <*> RAS KERNEL INFO generating <*> - <*> 2005.06.05 <*> <*> <*> RAS KERNEL INFO generating <*> - <*> <*> <*> <*> <*> RAS KERNEL INFO CE sym <*> at <*> mask <*> - <*> <*> <*> <*> <*> RAS KERNEL INFO CE sym <*> at <*> mask <*>,,0
17,- <*> 2005.06.05 <*> <*> <*> RAS KERNEL INFO generating <*> - <*> 2005.06.05 <*> <*> <*> RAS KERNEL INFO generating <*> - <*> 2005.06.05 <*> <*> <*> RAS KERNEL INFO generating <*> - <*> 2005.06.05 <*> <*> <*> RAS KERNEL INFO generating <*> - <*> 2005.06.05 <*> <*> <*> RAS KERNEL INFO generating <*> - <*> <*> <*> <*> <*> RAS KERNEL INFO CE sym <*> at <*> mask <*> - <*> <*> <*> <*> <*> RAS KERNEL INFO CE sym <*> at <*> mask <*> - <*> <*> R02-M1-N0-C:J12-U11 <*> R02-M1-N0-C:J12-U11 RAS KERNEL INFO instruction cache parity error corrected - <*> <*> R02-M1-N0-C:J12-U11 <*> R02-M1-N0-C:J12-U11 RAS KERNEL INFO instruction cache parity error corrected - <*> <*> R02-M1-N0-C:J12-U11 <*> R02-M1-N0-C:J12-U11 RAS KERNEL INFO instruction cache parity error corrected,,0
18,- <*> 2005.06.05 <*> <*> <*> RAS KERNEL INFO generating <*> - <*> 2005.06.05 <*> <*> <*> RAS KERNEL INFO generating <*> - <*> <*> <*> <*> <*> RAS KERNEL INFO CE sym <*> at <*> mask <*> - <*> <*> <*> <*> <*> RAS KERNEL INFO CE sym <*> at <*> mask <*> - <*> <*> R02-M1-N0-C:J12-U11 <*> R02-M1-N0-C:J12-U11 RAS KERNEL INFO instruction cache parity error corrected - <*> <*> R02-M1-N0-C:J12-U11 <*> R02-M1-N0-C:J12-U11 RAS KERNEL INFO instruction cache parity error corrected - <*> <*> R02-M1-N0-C:J12-U11 <*> R02-M1-N0-C:J12-U11 RAS KERNEL INFO instruction cache parity error corrected - <*> <*> R02-M1-N0-C:J12-U11 <*> R02-M1-N0-C:J12-U11 RAS KERNEL INFO instruction cache parity error corrected - <*> <*> R02-M1-N0-C:J12-U11 <*> R02-M1-N0-C:J12-U11 RAS KERNEL INFO instruction cache parity error corrected - <*> <*> R02-M1-N0-C:J12-U11 <*> R02-M1-N0-C:J12-U11 RAS KERNEL INFO instruction cache parity error corrected,,0
19,- <*> <*> <*> <*> <*> RAS KERNEL INFO CE sym <*> at <*> mask <*> - <*> <*> R02-M1-N0-C:J12-U11 <*> R02-M1-N0-C:J12-U11 RAS KERNEL INFO instruction cache parity error corrected - <*> <*> R02-M1-N0-C:J12-U11 <*> R02-M1-N0-C:J12-U11 RAS KERNEL INFO instruction cache parity error corrected - <*> <*> R02-M1-N0-C:J12-U11 <*> R02-M1-N0-C:J12-U11 RAS KERNEL INFO instruction cache parity error corrected - <*> <*> R02-M1-N0-C:J12-U11 <*> R02-M1-N0-C:J12-U11 RAS KERNEL INFO instruction cache parity error corrected - <*> <*> R02-M1-N0-C:J12-U11 <*> R02-M1-N0-C:J12-U11 RAS KERNEL INFO instruction cache parity error corrected - <*> <*> R02-M1-N0-C:J12-U11 <*> R02-M1-N0-C:J12-U11 RAS KERNEL INFO instruction cache parity error corrected - <*> <*> R02-M1-N0-C:J12-U11 <*> R02-M1-N0-C:J12-U11 RAS KERNEL INFO instruction cache parity error corrected - <*> <*> R02-M1-N0-C:J12-U11 <*> R02-M1-N0-C:J12-U11 RAS KERNEL INFO instruction cache parity error corrected - <*> <*> <*> <*> <*> RAS KERNEL INFO generating <*>,,0
20,- <*> <*> R02-M1-N0-C:J12-U11 <*> R02-M1-N0-C:J12-U11 RAS KERNEL INFO instruction cache parity error corrected - <*> <*> R02-M1-N0-C:J12-U11 <*> R02-M1-N0-C:J12-U11 RAS KERNEL INFO instruction cache parity error corrected - <*> <*> R02-M1-N0-C:J12-U11 <*> R02-M1-N0-C:J12-U11 RAS KERNEL INFO instruction cache parity error corrected - <*> <*> R02-M1-N0-C:J12-U11 <*> R02-M1-N0-C:J12-U11 RAS KERNEL INFO instruction cache parity error corrected - <*> <*> R02-M1-N0-C:J12-U11 <*> R02-M1-N0-C:J12-U11 RAS KERNEL INFO instruction cache parity error corrected - <*> <*> R02-M1-N0-C:J12-U11 <*> R02-M1-N0-C:J12-U11 RAS KERNEL INFO instruction cache parity error corrected - <*> <*> <*> <*> <*> RAS KERNEL INFO generating <*> - <*> <*> <*> <*> <*> RAS KERNEL INFO generating <*> - 1118112700 2005.06.06 R23-M0-N0-I:J18-U01 2005-06-06-19.51.40.376079 R23-M0-N0-I:J18-U01 RAS KERNEL INFO ciod: cpu 0 at treeaddr 438 sent unrecognized message 0xffffffff - <*> <*> <*> <*> <*> RAS KERNEL INFO generating <*>,,0
21,- <*> <*> R02-M1-N0-C:J12-U11 <*> R02-M1-N0-C:J12-U11 RAS KERNEL INFO instruction cache parity error corrected - <*> <*> R02-M1-N0-C:J12-U11 <*> R02-M1-N0-C:J12-U11 RAS KERNEL INFO instruction cache parity error corrected - <*> <*> R02-M1-N0-C:J12-U11 <*> R02-M1-N0-C:J12-U11 RAS KERNEL INFO instruction cache parity error corrected - <*> <*> <*> <*> <*> RAS KERNEL INFO generating <*> - <*> <*> <*> <*> <*> RAS KERNEL INFO generating <*> - 1118112700 2005.06.06 R23-M0-N0-I:J18-U01 2005-06-06-19.51.40.376079 R23-M0-N0-I:J18-U01 RAS KERNEL INFO ciod: cpu 0 at treeaddr 438 sent unrecognized message 0xffffffff - <*> <*> <*> <*> <*> RAS KERNEL INFO generating <*> - <*> <*> <*> <*> <*> RAS KERNEL INFO generating <*> - <*> <*> <*> <*> <*> RAS KERNEL INFO generating <*> - <*> <*> <*> <*> <*> RAS KERNEL INFO generating <*>,,0
22,- <*> <*> <*> <*> <*> RAS KERNEL INFO generating <*> - <*> <*> <*> <*> <*> RAS KERNEL INFO generating <*> - 1118112700 2005.06.06 R23-M0-N0-I:J18-U01 2005-06-06-19.51.40.376079 R23-M0-N0-I:J18-U01 RAS KERNEL INFO ciod: cpu 0 at treeaddr 438 sent unrecognized message 0xffffffff - <*> <*> <*> <*> <*> RAS KERNEL INFO generating <*> - <*> <*> <*> <*> <*> RAS KERNEL INFO generating <*> - <*> <*> <*> <*> <*> RAS KERNEL INFO generating <*> - <*> <*> <*> <*> <*> RAS KERNEL INFO generating <*> - <*> <*> <*> <*> <*> RAS KERNEL INFO generating <*> - <*> <*> <*> <*> <*> RAS KERNEL INFO generating <*> - <*> <*> <*> <*> <*> RAS KERNEL INFO generating <*>,,0
23,- <*> <*> <*> <*> <*> RAS KERNEL INFO generating <*> - <*> <*> <*> <*> <*> RAS KERNEL INFO generating <*> - <*> <*> <*> <*> <*> RAS KERNEL INFO generating <*> - <*> <*> <*> <*> <*> RAS KERNEL INFO generating <*> - <*> <*> <*> <*> <*> RAS KERNEL INFO generating <*> - <*> <*> <*> <*> <*> RAS KERNEL INFO generating <*> - <*> <*> <*> <*> <*> RAS KERNEL INFO generating <*> - <*> <*> <*> <*> <*> RAS KERNEL INFO generating <*> - <*> <*> <*> <*> <*> RAS KERNEL INFO generating <*> - <*> <*> <*> <*> <*> RAS KERNEL INFO generating <*>,,0
24,- <*> <*> <*> <*> <*> RAS KERNEL INFO generating <*> - <*> <*> <*> <*> <*> RAS KERNEL INFO generating <*> - <*> <*> <*> <*> <*> RAS KERNEL INFO generating <*> - <*> <*> <*> <*> <*> RAS KERNEL INFO generating <*> - <*> <*> <*> <*> <*> RAS KERNEL INFO generating <*> - <*> <*> <*> <*> <*> RAS KERNEL INFO generating <*> - <*> <*> <*> <*> <*> RAS KERNEL INFO generating <*> - <*> <*> <*> <*> <*> RAS KERNEL INFO generating <*> - <*> <*> <*> <*> <*> RAS KERNEL INFO generating <*> - <*> <*> <*> <*> <*> RAS KERNEL INFO generating <*>,,0
25,- <*> <*> <*> <*> <*> RAS KERNEL INFO generating <*> - <*> <*> <*> <*> <*> RAS KERNEL INFO generating <*> - <*> <*> <*> <*> <*> RAS KERNEL INFO generating <*> - <*> <*> <*> <*> <*> RAS KERNEL INFO generating <*> - <*> <*> <*> <*> <*> RAS KERNEL INFO generating <*> - <*> <*> <*> <*> <*> RAS KERNEL INFO generating <*> - <*> <*> <*> <*> <*> RAS KERNEL INFO generating <*> - <*> <*> <*> <*> <*> RAS KERNEL INFO generating <*> - <*> <*> <*> <*> <*> RAS KERNEL INFO generating <*> - 1118193358 2005.06.07 R11-M0-NC-I:J18-U01 2005-06-07-18.15.58.583443 R11-M0-NC-I:J18-U01 RAS APP FATAL ciod: LOGIN chdir(/p/gb2/glosli/8M_5000K/t800) failed: No such file or directory,,0
26,- <*> <*> <*> <*> <*> RAS KERNEL INFO generating <*> - <*> <*> <*> <*> <*> RAS KERNEL INFO generating <*> - <*> <*> <*> <*> <*> RAS KERNEL INFO generating <*> - <*> <*> <*> <*> <*> RAS KERNEL INFO generating <*> - <*> <*> <*> <*> <*> RAS KERNEL INFO generating <*> - <*> <*> <*> <*> <*> RAS KERNEL INFO generating <*> - 1118193358 2005.06.07 R11-M0-NC-I:J18-U01 2005-06-07-18.15.58.583443 R11-M0-NC-I:J18-U01 RAS APP FATAL ciod: LOGIN chdir(/p/gb2/glosli/8M_5000K/t800) failed: No such file or directory - <*> <*> <*> <*> <*> RAS KERNEL INFO generating <*> - <*> <*> <*> <*> <*> RAS KERNEL INFO generating <*> - <*> <*> <*> <*> <*> RAS KERNEL INFO CE sym <*> at <*> mask <*>,,0
27,"- <*> <*> <*> <*> <*> RAS KERNEL INFO generating <*> - <*> <*> <*> <*> <*> RAS KERNEL INFO generating <*> - <*> <*> <*> <*> <*> RAS KERNEL INFO generating <*> - 1118193358 2005.06.07 R11-M0-NC-I:J18-U01 2005-06-07-18.15.58.583443 R11-M0-NC-I:J18-U01 RAS APP FATAL ciod: LOGIN chdir(/p/gb2/glosli/8M_5000K/t800) failed: No such file or directory - <*> <*> <*> <*> <*> RAS KERNEL INFO generating <*> - <*> <*> <*> <*> <*> RAS KERNEL INFO generating <*> - <*> <*> <*> <*> <*> RAS KERNEL INFO CE sym <*> at <*> mask <*> - 1118271740 2005.06.08 R03-M1-N9-C:J09-U11 2005-06-08-16.02.20.600478 R03-M1-N9-C:J09-U11 RAS KERNEL INFO 1 ddr errors(s) detected and corrected on rank 0, symbol 25, bit 1 - <*> <*> <*> <*> <*> RAS KERNEL INFO CE sym <*> at <*> mask <*> - <*> <*> <*> <*> <*> RAS KERNEL INFO generating <*>",,0
28,"- 1118193358 2005.06.07 R11-M0-NC-I:J18-U01 2005-06-07-18.15.58.583443 R11-M0-NC-I:J18-U01 RAS APP FATAL ciod: LOGIN chdir(/p/gb2/glosli/8M_5000K/t800) failed: No such file or directory - <*> <*> <*> <*> <*> RAS KERNEL INFO generating <*> - <*> <*> <*> <*> <*> RAS KERNEL INFO generating <*> - <*> <*> <*> <*> <*> RAS KERNEL INFO CE sym <*> at <*> mask <*> - 1118271740 2005.06.08 R03-M1-N9-C:J09-U11 2005-06-08-16.02.20.600478 R03-M1-N9-C:J09-U11 RAS KERNEL INFO 1 ddr errors(s) detected and corrected on rank 0, symbol 25, bit 1 - <*> <*> <*> <*> <*> RAS KERNEL INFO CE sym <*> at <*> mask <*> - <*> <*> <*> <*> <*> RAS KERNEL INFO generating <*> - <*> <*> <*> <*> <*> RAS KERNEL INFO generating <*> - <*> <*> <*> <*> <*> RAS KERNEL INFO generating <*> - <*> <*> <*> <*> <*> RAS KERNEL INFO generating <*>",,0
29,"- <*> <*> <*> <*> <*> RAS KERNEL INFO CE sym <*> at <*> mask <*> - 1118271740 2005.06.08 R03-M1-N9-C:J09-U11 2005-06-08-16.02.20.600478 R03-M1-N9-C:J09-U11 RAS KERNEL INFO 1 ddr errors(s) detected and corrected on rank 0, symbol 25, bit 1 - <*> <*> <*> <*> <*> RAS KERNEL INFO CE sym <*> at <*> mask <*> - <*> <*> <*> <*> <*> RAS KERNEL INFO generating <*> - <*> <*> <*> <*> <*> RAS KERNEL INFO generating <*> - <*> <*> <*> <*> <*> RAS KERNEL INFO generating <*> - <*> <*> <*> <*> <*> RAS KERNEL INFO generating <*> - <*> <*> <*> <*> <*> RAS KERNEL INFO generating <*> - <*> <*> <*> <*> <*> RAS KERNEL INFO generating <*> - <*> <*> <*> <*> <*> RAS KERNEL INFO generating <*>",,0
30,- <*> <*> <*> <*> <*> RAS KERNEL INFO generating <*> - <*> <*> <*> <*> <*> RAS KERNEL INFO generating <*> - <*> <*> <*> <*> <*> RAS KERNEL INFO generating <*> - <*> <*> <*> <*> <*> RAS KERNEL INFO generating <*> - <*> <*> <*> <*> <*> RAS KERNEL INFO generating <*> - <*> <*> <*> <*> <*> RAS KERNEL INFO generating <*> - <*> <*> <*> <*> <*> RAS KERNEL INFO generating <*> - <*> <*> <*> <*> <*> RAS KERNEL INFO CE sym <*> at <*> mask <*> - <*> <*> <*> <*> <*> RAS KERNEL INFO generating <*> - <*> <*> <*> <*> <*> RAS KERNEL INFO generating <*>,,0
31,- <*> <*> <*> <*> <*> RAS KERNEL INFO generating <*> - <*> <*> <*> <*> <*> RAS KERNEL INFO generating <*> - <*> <*> <*> <*> <*> RAS KERNEL INFO generating <*> - <*> <*> <*> <*> <*> RAS KERNEL INFO generating <*> - <*> <*> <*> <*> <*> RAS KERNEL INFO CE sym <*> at <*> mask <*> - <*> <*> <*> <*> <*> RAS KERNEL INFO generating <*> - <*> <*> <*> <*> <*> RAS KERNEL INFO generating <*> - <*> <*> <*> <*> <*> RAS KERNEL INFO CE sym <*> at <*> mask <*> - <*> <*> <*> <*> <*> RAS KERNEL INFO generating <*> - <*> <*> <*> <*> <*> RAS KERNEL INFO generating <*>,,0
32,- <*> <*> <*> <*> <*> RAS KERNEL INFO generating <*> - <*> <*> <*> <*> <*> RAS KERNEL INFO CE sym <*> at <*> mask <*> - <*> <*> <*> <*> <*> RAS KERNEL INFO generating <*> - <*> <*> <*> <*> <*> RAS KERNEL INFO generating <*> - <*> <*> <*> <*> <*> RAS KERNEL INFO CE sym <*> at <*> mask <*> - <*> <*> <*> <*> <*> RAS KERNEL INFO generating <*> - <*> <*> <*> <*> <*> RAS KERNEL INFO generating <*> KERNDTLB 1118536327 2005.06.11 R30-M0-N9-C:J16-U01 2005-06-11-17.32.07.581048 R30-M0-N9-C:J16-U01 RAS KERNEL FATAL data TLB error interrupt KERNDTLB <*> 2005.06.11 R30-M0-N9-C:J16-U01 <*> R30-M0-N9-C:J16-U01 RAS KERNEL FATAL data TLB error interrupt KERNDTLB <*> 2005.06.11 R30-M0-N9-C:J16-U01 <*> R30-M0-N9-C:J16-U01 RAS KERNEL FATAL data TLB error interrupt,Repeated kernel data TLB errors indicate severe memory access faults.,1
33,- <*> <*> <*> <*> <*> RAS KERNEL INFO generating <*> - <*> <*> <*> <*> <*> RAS KERNEL INFO CE sym <*> at <*> mask <*> - <*> <*> <*> <*> <*> RAS KERNEL INFO generating <*> - <*> <*> <*> <*> <*> RAS KERNEL INFO generating <*> KERNDTLB 1118536327 2005.06.11 R30-M0-N9-C:J16-U01 2005-06-11-17.32.07.581048 R30-M0-N9-C:J16-U01 RAS KERNEL FATAL data TLB error interrupt KERNDTLB <*> 2005.06.11 R30-M0-N9-C:J16-U01 <*> R30-M0-N9-C:J16-U01 RAS KERNEL FATAL data TLB error interrupt KERNDTLB <*> 2005.06.11 R30-M0-N9-C:J16-U01 <*> R30-M0-N9-C:J16-U01 RAS KERNEL FATAL data TLB error interrupt KERNDTLB <*> 2005.06.11 R30-M0-N9-C:J16-U01 <*> R30-M0-N9-C:J16-U01 RAS KERNEL FATAL data TLB error interrupt KERNDTLB <*> 2005.06.11 R30-M0-N9-C:J16-U01 <*> R30-M0-N9-C:J16-U01 RAS KERNEL FATAL data TLB error interrupt KERNDTLB <*> 2005.06.11 R30-M0-N9-C:J16-U01 <*> R30-M0-N9-C:J16-U01 RAS KERNEL FATAL data TLB error interrupt,,0
34,- <*> <*> <*> <*> <*> RAS KERNEL INFO generating <*> KERNDTLB 1118536327 2005.06.11 R30-M0-N9-C:J16-U01 2005-06-11-17.32.07.581048 R30-M0-N9-C:J16-U01 RAS KERNEL FATAL data TLB error interrupt KERNDTLB <*> 2005.06.11 R30-M0-N9-C:J16-U01 <*> R30-M0-N9-C:J16-U01 RAS KERNEL FATAL data TLB error interrupt KERNDTLB <*> 2005.06.11 R30-M0-N9-C:J16-U01 <*> R30-M0-N9-C:J16-U01 RAS KERNEL FATAL data TLB error interrupt KERNDTLB <*> 2005.06.11 R30-M0-N9-C:J16-U01 <*> R30-M0-N9-C:J16-U01 RAS KERNEL FATAL data TLB error interrupt KERNDTLB <*> 2005.06.11 R30-M0-N9-C:J16-U01 <*> R30-M0-N9-C:J16-U01 RAS KERNEL FATAL data TLB error interrupt KERNDTLB <*> 2005.06.11 R30-M0-N9-C:J16-U01 <*> R30-M0-N9-C:J16-U01 RAS KERNEL FATAL data TLB error interrupt KERNDTLB <*> 2005.06.11 R30-M0-N9-C:J16-U01 <*> R30-M0-N9-C:J16-U01 RAS KERNEL FATAL data TLB error interrupt KERNDTLB <*> 2005.06.11 R30-M0-N9-C:J16-U01 <*> R30-M0-N9-C:J16-U01 RAS KERNEL FATAL data TLB error interrupt KERNDTLB <*> 2005.06.11 R30-M0-N9-C:J16-U01 <*> R30-M0-N9-C:J16-U01 RAS KERNEL FATAL data TLB error interrupt,,0
35,KERNDTLB <*> 2005.06.11 R30-M0-N9-C:J16-U01 <*> R30-M0-N9-C:J16-U01 RAS KERNEL FATAL data TLB error interrupt KERNDTLB <*> 2005.06.11 R30-M0-N9-C:J16-U01 <*> R30-M0-N9-C:J16-U01 RAS KERNEL FATAL data TLB error interrupt KERNDTLB <*> 2005.06.11 R30-M0-N9-C:J16-U01 <*> R30-M0-N9-C:J16-U01 RAS KERNEL FATAL data TLB error interrupt KERNDTLB <*> 2005.06.11 R30-M0-N9-C:J16-U01 <*> R30-M0-N9-C:J16-U01 RAS KERNEL FATAL data TLB error interrupt KERNDTLB <*> 2005.06.11 R30-M0-N9-C:J16-U01 <*> R30-M0-N9-C:J16-U01 RAS KERNEL FATAL data TLB error interrupt KERNDTLB <*> 2005.06.11 R30-M0-N9-C:J16-U01 <*> R30-M0-N9-C:J16-U01 RAS KERNEL FATAL data TLB error interrupt KERNDTLB <*> 2005.06.11 R30-M0-N9-C:J16-U01 <*> R30-M0-N9-C:J16-U01 RAS KERNEL FATAL data TLB error interrupt KERNDTLB <*> 2005.06.11 R30-M0-N9-C:J16-U01 <*> R30-M0-N9-C:J16-U01 RAS KERNEL FATAL data TLB error interrupt KERNDTLB <*> 2005.06.11 R30-M0-N9-C:J16-U01 <*> R30-M0-N9-C:J16-U01 RAS KERNEL FATAL data TLB error interrupt KERNDTLB <*> 2005.06.11 R30-M0-N9-C:J16-U01 <*> R30-M0-N9-C:J16-U01 RAS KERNEL FATAL data TLB error interrupt,,0
36,KERNDTLB <*> 2005.06.11 R30-M0-N9-C:J16-U01 <*> R30-M0-N9-C:J16-U01 RAS KERNEL FATAL data TLB error interrupt KERNDTLB <*> 2005.06.11 R30-M0-N9-C:J16-U01 <*> R30-M0-N9-C:J16-U01 RAS KERNEL FATAL data TLB error interrupt KERNDTLB <*> 2005.06.11 R30-M0-N9-C:J16-U01 <*> R30-M0-N9-C:J16-U01 RAS KERNEL FATAL data TLB error interrupt KERNDTLB <*> 2005.06.11 R30-M0-N9-C:J16-U01 <*> R30-M0-N9-C:J16-U01 RAS KERNEL FATAL data TLB error interrupt KERNDTLB <*> 2005.06.11 R30-M0-N9-C:J16-U01 <*> R30-M0-N9-C:J16-U01 RAS KERNEL FATAL data TLB error interrupt KERNDTLB <*> 2005.06.11 R30-M0-N9-C:J16-U01 <*> R30-M0-N9-C:J16-U01 RAS KERNEL FATAL data TLB error interrupt KERNDTLB <*> 2005.06.11 R30-M0-N9-C:J16-U01 <*> R30-M0-N9-C:J16-U01 RAS KERNEL FATAL data TLB error interrupt KERNDTLB <*> 2005.06.11 R30-M0-N9-C:J16-U01 <*> R30-M0-N9-C:J16-U01 RAS KERNEL FATAL data TLB error interrupt KERNDTLB <*> 2005.06.11 R30-M0-N9-C:J16-U01 <*> R30-M0-N9-C:J16-U01 RAS KERNEL FATAL data TLB error interrupt KERNDTLB <*> 2005.06.11 R30-M0-N9-C:J16-U01 <*> R30-M0-N9-C:J16-U01 RAS KERNEL FATAL data TLB error interrupt,,0
37,KERNDTLB <*> 2005.06.11 R30-M0-N9-C:J16-U01 <*> R30-M0-N9-C:J16-U01 RAS KERNEL FATAL data TLB error interrupt KERNDTLB <*> 2005.06.11 R30-M0-N9-C:J16-U01 <*> R30-M0-N9-C:J16-U01 RAS KERNEL FATAL data TLB error interrupt KERNDTLB <*> 2005.06.11 R30-M0-N9-C:J16-U01 <*> R30-M0-N9-C:J16-U01 RAS KERNEL FATAL data TLB error interrupt KERNDTLB <*> 2005.06.11 R30-M0-N9-C:J16-U01 <*> R30-M0-N9-C:J16-U01 RAS KERNEL FATAL data TLB error interrupt KERNDTLB <*> 2005.06.11 R30-M0-N9-C:J16-U01 <*> R30-M0-N9-C:J16-U01 RAS KERNEL FATAL data TLB error interrupt KERNDTLB <*> 2005.06.11 R30-M0-N9-C:J16-U01 <*> R30-M0-N9-C:J16-U01 RAS KERNEL FATAL data TLB error interrupt KERNDTLB <*> 2005.06.11 R30-M0-N9-C:J16-U01 <*> R30-M0-N9-C:J16-U01 RAS KERNEL FATAL data TLB error interrupt KERNDTLB <*> 2005.06.11 R30-M0-N9-C:J16-U01 <*> R30-M0-N9-C:J16-U01 RAS KERNEL FATAL data TLB error interrupt KERNDTLB <*> 2005.06.11 R30-M0-N9-C:J16-U01 <*> R30-M0-N9-C:J16-U01 RAS KERNEL FATAL data TLB error interrupt KERNDTLB <*> 2005.06.11 R30-M0-N9-C:J16-U01 <*> R30-M0-N9-C:J16-U01 RAS KERNEL FATAL data TLB error interrupt,,0
38,KERNDTLB <*> 2005.06.11 R30-M0-N9-C:J16-U01 <*> R30-M0-N9-C:J16-U01 RAS KERNEL FATAL data TLB error interrupt KERNDTLB <*> 2005.06.11 R30-M0-N9-C:J16-U01 <*> R30-M0-N9-C:J16-U01 RAS KERNEL FATAL data TLB error interrupt KERNDTLB <*> 2005.06.11 R30-M0-N9-C:J16-U01 <*> R30-M0-N9-C:J16-U01 RAS KERNEL FATAL data TLB error interrupt KERNDTLB <*> 2005.06.11 R30-M0-N9-C:J16-U01 <*> R30-M0-N9-C:J16-U01 RAS KERNEL FATAL data TLB error interrupt KERNDTLB <*> 2005.06.11 R30-M0-N9-C:J16-U01 <*> R30-M0-N9-C:J16-U01 RAS KERNEL FATAL data TLB error interrupt KERNDTLB <*> 2005.06.11 R30-M0-N9-C:J16-U01 <*> R30-M0-N9-C:J16-U01 RAS KERNEL FATAL data TLB error interrupt KERNDTLB <*> 2005.06.11 R30-M0-N9-C:J16-U01 <*> R30-M0-N9-C:J16-U01 RAS KERNEL FATAL data TLB error interrupt KERNDTLB <*> 2005.06.11 R30-M0-N9-C:J16-U01 <*> R30-M0-N9-C:J16-U01 RAS KERNEL FATAL data TLB error interrupt KERNDTLB <*> 2005.06.11 R30-M0-N9-C:J16-U01 <*> R30-M0-N9-C:J16-U01 RAS KERNEL FATAL data TLB error interrupt KERNDTLB <*> 2005.06.11 R30-M0-N9-C:J16-U01 <*> R30-M0-N9-C:J16-U01 RAS KERNEL FATAL data TLB error interrupt,,0
39,KERNDTLB <*> 2005.06.11 R30-M0-N9-C:J16-U01 <*> R30-M0-N9-C:J16-U01 RAS KERNEL FATAL data TLB error interrupt KERNDTLB <*> 2005.06.11 R30-M0-N9-C:J16-U01 <*> R30-M0-N9-C:J16-U01 RAS KERNEL FATAL data TLB error interrupt KERNDTLB <*> 2005.06.11 R30-M0-N9-C:J16-U01 <*> R30-M0-N9-C:J16-U01 RAS KERNEL FATAL data TLB error interrupt KERNDTLB <*> 2005.06.11 R30-M0-N9-C:J16-U01 <*> R30-M0-N9-C:J16-U01 RAS KERNEL FATAL data TLB error interrupt KERNDTLB <*> 2005.06.11 R30-M0-N9-C:J16-U01 <*> R30-M0-N9-C:J16-U01 RAS KERNEL FATAL data TLB error interrupt KERNDTLB <*> 2005.06.11 R30-M0-N9-C:J16-U01 <*> R30-M0-N9-C:J16-U01 RAS KERNEL FATAL data TLB error interrupt KERNDTLB <*> 2005.06.11 R30-M0-N9-C:J16-U01 <*> R30-M0-N9-C:J16-U01 RAS KERNEL FATAL data TLB error interrupt KERNDTLB <*> 2005.06.11 R30-M0-N9-C:J16-U01 <*> R30-M0-N9-C:J16-U01 RAS KERNEL FATAL data TLB error interrupt KERNDTLB <*> 2005.06.11 R30-M0-N9-C:J16-U01 <*> R30-M0-N9-C:J16-U01 RAS KERNEL FATAL data TLB error interrupt KERNDTLB <*> 2005.06.11 R30-M0-N9-C:J16-U01 <*> R30-M0-N9-C:J16-U01 RAS KERNEL FATAL data TLB error interrupt,,0
40,KERNDTLB <*> 2005.06.11 R30-M0-N9-C:J16-U01 <*> R30-M0-N9-C:J16-U01 RAS KERNEL FATAL data TLB error interrupt KERNDTLB <*> 2005.06.11 R30-M0-N9-C:J16-U01 <*> R30-M0-N9-C:J16-U01 RAS KERNEL FATAL data TLB error interrupt KERNDTLB <*> 2005.06.11 R30-M0-N9-C:J16-U01 <*> R30-M0-N9-C:J16-U01 RAS KERNEL FATAL data TLB error interrupt KERNDTLB <*> 2005.06.11 R30-M0-N9-C:J16-U01 <*> R30-M0-N9-C:J16-U01 RAS KERNEL FATAL data TLB error interrupt KERNDTLB <*> 2005.06.11 R30-M0-N9-C:J16-U01 <*> R30-M0-N9-C:J16-U01 RAS KERNEL FATAL data TLB error interrupt KERNDTLB <*> 2005.06.11 R30-M0-N9-C:J16-U01 <*> R30-M0-N9-C:J16-U01 RAS KERNEL FATAL data TLB error interrupt KERNDTLB <*> 2005.06.11 R30-M0-N9-C:J16-U01 <*> R30-M0-N9-C:J16-U01 RAS KERNEL FATAL data TLB error interrupt KERNDTLB <*> 2005.06.11 R30-M0-N9-C:J16-U01 <*> R30-M0-N9-C:J16-U01 RAS KERNEL FATAL data TLB error interrupt KERNDTLB <*> 2005.06.11 R30-M0-N9-C:J16-U01 <*> R30-M0-N9-C:J16-U01 RAS KERNEL FATAL data TLB error interrupt KERNDTLB <*> 2005.06.11 R30-M0-N9-C:J16-U01 <*> R30-M0-N9-C:J16-U01 RAS KERNEL FATAL data TLB error interrupt,,0
41,KERNDTLB <*> 2005.06.11 R30-M0-N9-C:J16-U01 <*> R30-M0-N9-C:J16-U01 RAS KERNEL FATAL data TLB error interrupt KERNDTLB <*> 2005.06.11 R30-M0-N9-C:J16-U01 <*> R30-M0-N9-C:J16-U01 RAS KERNEL FATAL data TLB error interrupt KERNDTLB <*> 2005.06.11 R30-M0-N9-C:J16-U01 <*> R30-M0-N9-C:J16-U01 RAS KERNEL FATAL data TLB error interrupt KERNDTLB <*> 2005.06.11 R30-M0-N9-C:J16-U01 <*> R30-M0-N9-C:J16-U01 RAS KERNEL FATAL data TLB error interrupt KERNDTLB <*> 2005.06.11 R30-M0-N9-C:J16-U01 <*> R30-M0-N9-C:J16-U01 RAS KERNEL FATAL data TLB error interrupt KERNDTLB <*> 2005.06.11 R30-M0-N9-C:J16-U01 <*> R30-M0-N9-C:J16-U01 RAS KERNEL FATAL data TLB error interrupt KERNDTLB <*> 2005.06.11 R30-M0-N9-C:J16-U01 <*> R30-M0-N9-C:J16-U01 RAS KERNEL FATAL data TLB error interrupt KERNDTLB <*> 2005.06.11 R30-M0-N9-C:J16-U01 <*> R30-M0-N9-C:J16-U01 RAS KERNEL FATAL data TLB error interrupt KERNDTLB <*> 2005.06.11 R30-M0-N9-C:J16-U01 <*> R30-M0-N9-C:J16-U01 RAS KERNEL FATAL data TLB error interrupt KERNDTLB <*> 2005.06.11 R30-M0-N9-C:J16-U01 <*> R30-M0-N9-C:J16-U01 RAS KERNEL FATAL data TLB error interrupt,,0
42,KERNDTLB <*> 2005.06.11 R30-M0-N9-C:J16-U01 <*> R30-M0-N9-C:J16-U01 RAS KERNEL FATAL data TLB error interrupt KERNDTLB <*> 2005.06.11 R30-M0-N9-C:J16-U01 <*> R30-M0-N9-C:J16-U01 RAS KERNEL FATAL data TLB error interrupt KERNDTLB <*> 2005.06.11 R30-M0-N9-C:J16-U01 <*> R30-M0-N9-C:J16-U01 RAS KERNEL FATAL data TLB error interrupt KERNDTLB <*> 2005.06.11 R30-M0-N9-C:J16-U01 <*> R30-M0-N9-C:J16-U01 RAS KERNEL FATAL data TLB error interrupt KERNDTLB <*> 2005.06.11 R30-M0-N9-C:J16-U01 <*> R30-M0-N9-C:J16-U01 RAS KERNEL FATAL data TLB error interrupt KERNDTLB <*> 2005.06.11 R30-M0-N9-C:J16-U01 <*> R30-M0-N9-C:J16-U01 RAS KERNEL FATAL data TLB error interrupt KERNDTLB <*> 2005.06.11 R30-M0-N9-C:J16-U01 <*> R30-M0-N9-C:J16-U01 RAS KERNEL FATAL data TLB error interrupt KERNDTLB <*> 2005.06.11 R30-M0-N9-C:J16-U01 <*> R30-M0-N9-C:J16-U01 RAS KERNEL FATAL data TLB error interrupt KERNDTLB <*> 2005.06.11 R30-M0-N9-C:J16-U01 <*> R30-M0-N9-C:J16-U01 RAS KERNEL FATAL data TLB error interrupt KERNDTLB <*> 2005.06.11 R30-M0-N9-C:J16-U01 <*> R30-M0-N9-C:J16-U01 RAS KERNEL FATAL data TLB error interrupt,,0
43,KERNDTLB <*> 2005.06.11 R30-M0-N9-C:J16-U01 <*> R30-M0-N9-C:J16-U01 RAS KERNEL FATAL data TLB error interrupt KERNDTLB <*> 2005.06.11 R30-M0-N9-C:J16-U01 <*> R30-M0-N9-C:J16-U01 RAS KERNEL FATAL data TLB error interrupt KERNDTLB <*> 2005.06.11 R30-M0-N9-C:J16-U01 <*> R30-M0-N9-C:J16-U01 RAS KERNEL FATAL data TLB error interrupt KERNDTLB <*> 2005.06.11 R30-M0-N9-C:J16-U01 <*> R30-M0-N9-C:J16-U01 RAS KERNEL FATAL data TLB error interrupt KERNDTLB <*> 2005.06.11 R30-M0-N9-C:J16-U01 <*> R30-M0-N9-C:J16-U01 RAS KERNEL FATAL data TLB error interrupt KERNDTLB <*> 2005.06.11 R30-M0-N9-C:J16-U01 <*> R30-M0-N9-C:J16-U01 RAS KERNEL FATAL data TLB error interrupt KERNDTLB <*> 2005.06.11 R30-M0-N9-C:J16-U01 <*> R30-M0-N9-C:J16-U01 RAS KERNEL FATAL data TLB error interrupt KERNDTLB <*> 2005.06.11 R30-M0-N9-C:J16-U01 <*> R30-M0-N9-C:J16-U01 RAS KERNEL FATAL data TLB error interrupt KERNDTLB <*> 2005.06.11 R30-M0-N9-C:J16-U01 <*> R30-M0-N9-C:J16-U01 RAS KERNEL FATAL data TLB error interrupt KERNDTLB <*> 2005.06.11 R30-M0-N9-C:J16-U01 <*> R30-M0-N9-C:J16-U01 RAS KERNEL FATAL data TLB error interrupt,,0
44,KERNDTLB <*> 2005.06.11 R30-M0-N9-C:J16-U01 <*> R30-M0-N9-C:J16-U01 RAS KERNEL FATAL data TLB error interrupt KERNDTLB <*> 2005.06.11 R30-M0-N9-C:J16-U01 <*> R30-M0-N9-C:J16-U01 RAS KERNEL FATAL data TLB error interrupt KERNDTLB <*> 2005.06.11 R30-M0-N9-C:J16-U01 <*> R30-M0-N9-C:J16-U01 RAS KERNEL FATAL data TLB error interrupt KERNDTLB <*> 2005.06.11 R30-M0-N9-C:J16-U01 <*> R30-M0-N9-C:J16-U01 RAS KERNEL FATAL data TLB error interrupt KERNDTLB <*> 2005.06.11 R30-M0-N9-C:J16-U01 <*> R30-M0-N9-C:J16-U01 RAS KERNEL FATAL data TLB error interrupt KERNDTLB <*> 2005.06.11 R30-M0-N9-C:J16-U01 <*> R30-M0-N9-C:J16-U01 RAS KERNEL FATAL data TLB error interrupt KERNDTLB <*> 2005.06.11 R30-M0-N9-C:J16-U01 <*> R30-M0-N9-C:J16-U01 RAS KERNEL FATAL data TLB error interrupt KERNDTLB <*> 2005.06.11 R30-M0-N9-C:J16-U01 <*> R30-M0-N9-C:J16-U01 RAS KERNEL FATAL data TLB error interrupt KERNDTLB <*> 2005.06.11 R30-M0-N9-C:J16-U01 <*> R30-M0-N9-C:J16-U01 RAS KERNEL FATAL data TLB error interrupt KERNDTLB <*> 2005.06.11 R30-M0-N9-C:J16-U01 <*> R30-M0-N9-C:J16-U01 RAS KERNEL FATAL data TLB error interrupt,,0
45,KERNDTLB <*> 2005.06.11 R30-M0-N9-C:J16-U01 <*> R30-M0-N9-C:J16-U01 RAS KERNEL FATAL data TLB error interrupt KERNDTLB <*> 2005.06.11 R30-M0-N9-C:J16-U01 <*> R30-M0-N9-C:J16-U01 RAS KERNEL FATAL data TLB error interrupt KERNDTLB <*> 2005.06.11 R30-M0-N9-C:J16-U01 <*> R30-M0-N9-C:J16-U01 RAS KERNEL FATAL data TLB error interrupt KERNDTLB <*> 2005.06.11 R30-M0-N9-C:J16-U01 <*> R30-M0-N9-C:J16-U01 RAS KERNEL FATAL data TLB error interrupt KERNDTLB <*> 2005.06.11 R30-M0-N9-C:J16-U01 <*> R30-M0-N9-C:J16-U01 RAS KERNEL FATAL data TLB error interrupt KERNDTLB <*> 2005.06.11 R30-M0-N9-C:J16-U01 <*> R30-M0-N9-C:J16-U01 RAS KERNEL FATAL data TLB error interrupt KERNDTLB <*> 2005.06.11 R30-M0-N9-C:J16-U01 <*> R30-M0-N9-C:J16-U01 RAS KERNEL FATAL data TLB error interrupt KERNDTLB <*> 2005.06.11 R30-M0-N9-C:J16-U01 <*> R30-M0-N9-C:J16-U01 RAS KERNEL FATAL data TLB error interrupt KERNDTLB <*> 2005.06.11 R30-M0-N9-C:J16-U01 <*> R30-M0-N9-C:J16-U01 RAS KERNEL FATAL data TLB error interrupt KERNDTLB <*> 2005.06.11 R30-M0-N9-C:J16-U01 <*> R30-M0-N9-C:J16-U01 RAS KERNEL FATAL data TLB error interrupt,,0
46,KERNDTLB <*> 2005.06.11 R30-M0-N9-C:J16-U01 <*> R30-M0-N9-C:J16-U01 RAS KERNEL FATAL data TLB error interrupt KERNDTLB <*> 2005.06.11 R30-M0-N9-C:J16-U01 <*> R30-M0-N9-C:J16-U01 RAS KERNEL FATAL data TLB error interrupt KERNDTLB <*> 2005.06.11 R30-M0-N9-C:J16-U01 <*> R30-M0-N9-C:J16-U01 RAS KERNEL FATAL data TLB error interrupt KERNDTLB <*> 2005.06.11 R30-M0-N9-C:J16-U01 <*> R30-M0-N9-C:J16-U01 RAS KERNEL FATAL data TLB error interrupt KERNDTLB <*> 2005.06.11 R30-M0-N9-C:J16-U01 <*> R30-M0-N9-C:J16-U01 RAS KERNEL FATAL data TLB error interrupt KERNDTLB <*> 2005.06.11 R30-M0-N9-C:J16-U01 <*> R30-M0-N9-C:J16-U01 RAS KERNEL FATAL data TLB error interrupt KERNDTLB <*> 2005.06.11 R30-M0-N9-C:J16-U01 <*> R30-M0-N9-C:J16-U01 RAS KERNEL FATAL data TLB error interrupt KERNDTLB <*> 2005.06.11 R30-M0-N9-C:J16-U01 <*> R30-M0-N9-C:J16-U01 RAS KERNEL FATAL data TLB error interrupt KERNDTLB <*> 2005.06.11 R30-M0-N9-C:J16-U01 <*> R30-M0-N9-C:J16-U01 RAS KERNEL FATAL data TLB error interrupt KERNDTLB <*> 2005.06.11 R30-M0-N9-C:J16-U01 <*> R30-M0-N9-C:J16-U01 RAS KERNEL FATAL data TLB error interrupt,,0
47,KERNDTLB <*> 2005.06.11 R30-M0-N9-C:J16-U01 <*> R30-M0-N9-C:J16-U01 RAS KERNEL FATAL data TLB error interrupt KERNDTLB <*> 2005.06.11 R30-M0-N9-C:J16-U01 <*> R30-M0-N9-C:J16-U01 RAS KERNEL FATAL data TLB error interrupt KERNDTLB <*> 2005.06.11 R30-M0-N9-C:J16-U01 <*> R30-M0-N9-C:J16-U01 RAS KERNEL FATAL data TLB error interrupt KERNDTLB <*> 2005.06.11 R30-M0-N9-C:J16-U01 <*> R30-M0-N9-C:J16-U01 RAS KERNEL FATAL data TLB error interrupt KERNDTLB <*> 2005.06.11 R30-M0-N9-C:J16-U01 <*> R30-M0-N9-C:J16-U01 RAS KERNEL FATAL data TLB error interrupt KERNDTLB <*> 2005.06.11 R30-M0-N9-C:J16-U01 <*> R30-M0-N9-C:J16-U01 RAS KERNEL FATAL data TLB error interrupt KERNDTLB <*> 2005.06.11 R30-M0-N9-C:J16-U01 <*> R30-M0-N9-C:J16-U01 RAS KERNEL FATAL data TLB error interrupt KERNDTLB <*> 2005.06.11 R30-M0-N9-C:J16-U01 <*> R30-M0-N9-C:J16-U01 RAS KERNEL FATAL data TLB error interrupt KERNDTLB <*> 2005.06.11 R30-M0-N9-C:J16-U01 <*> R30-M0-N9-C:J16-U01 RAS KERNEL FATAL data TLB error interrupt KERNDTLB <*> 2005.06.11 R30-M0-N9-C:J16-U01 <*> R30-M0-N9-C:J16-U01 RAS KERNEL FATAL data TLB error interrupt,,0
48,KERNDTLB <*> 2005.06.11 R30-M0-N9-C:J16-U01 <*> R30-M0-N9-C:J16-U01 RAS KERNEL FATAL data TLB error interrupt KERNDTLB <*> 2005.06.11 R30-M0-N9-C:J16-U01 <*> R30-M0-N9-C:J16-U01 RAS KERNEL FATAL data TLB error interrupt KERNDTLB <*> 2005.06.11 R30-M0-N9-C:J16-U01 <*> R30-M0-N9-C:J16-U01 RAS KERNEL FATAL data TLB error interrupt KERNDTLB <*> 2005.06.11 R30-M0-N9-C:J16-U01 <*> R30-M0-N9-C:J16-U01 RAS KERNEL FATAL data TLB error interrupt KERNDTLB <*> 2005.06.11 R30-M0-N9-C:J16-U01 <*> R30-M0-N9-C:J16-U01 RAS KERNEL FATAL data TLB error interrupt KERNDTLB <*> 2005.06.11 R30-M0-N9-C:J16-U01 <*> R30-M0-N9-C:J16-U01 RAS KERNEL FATAL data TLB error interrupt KERNDTLB <*> 2005.06.11 R30-M0-N9-C:J16-U01 <*> R30-M0-N9-C:J16-U01 RAS KERNEL FATAL data TLB error interrupt KERNDTLB <*> 2005.06.11 R30-M0-N9-C:J16-U01 <*> R30-M0-N9-C:J16-U01 RAS KERNEL FATAL data TLB error interrupt KERNDTLB <*> 2005.06.11 R30-M0-N9-C:J16-U01 <*> R30-M0-N9-C:J16-U01 RAS KERNEL FATAL data TLB error interrupt KERNDTLB <*> 2005.06.11 R30-M0-N9-C:J16-U01 <*> R30-M0-N9-C:J16-U01 RAS KERNEL FATAL data TLB error interrupt,,0
49,KERNDTLB <*> 2005.06.11 R30-M0-N9-C:J16-U01 <*> R30-M0-N9-C:J16-U01 RAS KERNEL FATAL data TLB error interrupt KERNDTLB <*> 2005.06.11 R30-M0-N9-C:J16-U01 <*> R30-M0-N9-C:J16-U01 RAS KERNEL FATAL data TLB error interrupt KERNDTLB <*> 2005.06.11 R30-M0-N9-C:J16-U01 <*> R30-M0-N9-C:J16-U01 RAS KERNEL FATAL data TLB error interrupt KERNDTLB <*> 2005.06.11 R30-M0-N9-C:J16-U01 <*> R30-M0-N9-C:J16-U01 RAS KERNEL FATAL data TLB error interrupt KERNDTLB <*> 2005.06.11 R30-M0-N9-C:J16-U01 <*> R30-M0-N9-C:J16-U01 RAS KERNEL FATAL data TLB error interrupt KERNDTLB <*> 2005.06.11 R30-M0-N9-C:J16-U01 <*> R30-M0-N9-C:J16-U01 RAS KERNEL FATAL data TLB error interrupt KERNDTLB <*> 2005.06.11 R30-M0-N9-C:J16-U01 <*> R30-M0-N9-C:J16-U01 RAS KERNEL FATAL data TLB error interrupt KERNDTLB <*> 2005.06.11 R30-M0-N9-C:J16-U01 <*> R30-M0-N9-C:J16-U01 RAS KERNEL FATAL data TLB error interrupt KERNDTLB <*> 2005.06.11 R30-M0-N9-C:J16-U01 <*> R30-M0-N9-C:J16-U01 RAS KERNEL FATAL data TLB error interrupt KERNDTLB <*> 2005.06.11 R30-M0-N9-C:J16-U01 <*> R30-M0-N9-C:J16-U01 RAS KERNEL FATAL data TLB error interrupt,,0
50,KERNDTLB <*> 2005.06.11 R30-M0-N9-C:J16-U01 <*> R30-M0-N9-C:J16-U01 RAS KERNEL FATAL data TLB error interrupt KERNDTLB <*> 2005.06.11 R30-M0-N9-C:J16-U01 <*> R30-M0-N9-C:J16-U01 RAS KERNEL FATAL data TLB error interrupt KERNDTLB <*> 2005.06.11 R30-M0-N9-C:J16-U01 <*> R30-M0-N9-C:J16-U01 RAS KERNEL FATAL data TLB error interrupt KERNDTLB <*> 2005.06.11 R30-M0-N9-C:J16-U01 <*> R30-M0-N9-C:J16-U01 RAS KERNEL FATAL data TLB error interrupt KERNDTLB <*> 2005.06.11 R30-M0-N9-C:J16-U01 <*> R30-M0-N9-C:J16-U01 RAS KERNEL FATAL data TLB error interrupt KERNDTLB <*> 2005.06.11 R30-M0-N9-C:J16-U01 <*> R30-M0-N9-C:J16-U01 RAS KERNEL FATAL data TLB error interrupt KERNDTLB <*> 2005.06.11 R30-M0-N9-C:J16-U01 <*> R30-M0-N9-C:J16-U01 RAS KERNEL FATAL data TLB error interrupt KERNDTLB <*> 2005.06.11 R30-M0-N9-C:J16-U01 <*> R30-M0-N9-C:J16-U01 RAS KERNEL FATAL data TLB error interrupt KERNDTLB <*> 2005.06.11 R30-M0-N9-C:J16-U01 <*> R30-M0-N9-C:J16-U01 RAS KERNEL FATAL data TLB error interrupt KERNDTLB <*> 2005.06.11 R30-M0-N9-C:J16-U01 <*> R30-M0-N9-C:J16-U01 RAS KERNEL FATAL data TLB error interrupt,,0
51,KERNDTLB <*> 2005.06.11 R30-M0-N9-C:J16-U01 <*> R30-M0-N9-C:J16-U01 RAS KERNEL FATAL data TLB error interrupt KERNDTLB <*> 2005.06.11 R30-M0-N9-C:J16-U01 <*> R30-M0-N9-C:J16-U01 RAS KERNEL FATAL data TLB error interrupt KERNDTLB <*> 2005.06.11 R30-M0-N9-C:J16-U01 <*> R30-M0-N9-C:J16-U01 RAS KERNEL FATAL data TLB error interrupt KERNDTLB <*> 2005.06.11 R30-M0-N9-C:J16-U01 <*> R30-M0-N9-C:J16-U01 RAS KERNEL FATAL data TLB error interrupt KERNDTLB <*> 2005.06.11 R30-M0-N9-C:J16-U01 <*> R30-M0-N9-C:J16-U01 RAS KERNEL FATAL data TLB error interrupt KERNDTLB <*> 2005.06.11 R30-M0-N9-C:J16-U01 <*> R30-M0-N9-C:J16-U01 RAS KERNEL FATAL data TLB error interrupt KERNDTLB <*> 2005.06.11 R30-M0-N9-C:J16-U01 <*> R30-M0-N9-C:J16-U01 RAS KERNEL FATAL data TLB error interrupt KERNDTLB <*> 2005.06.11 R30-M0-N9-C:J16-U01 <*> R30-M0-N9-C:J16-U01 RAS KERNEL FATAL data TLB error interrupt KERNDTLB <*> 2005.06.11 R30-M0-N9-C:J16-U01 <*> R30-M0-N9-C:J16-U01 RAS KERNEL FATAL data TLB error interrupt KERNDTLB <*> 2005.06.11 R30-M0-N9-C:J16-U01 <*> R30-M0-N9-C:J16-U01 RAS KERNEL FATAL data TLB error interrupt,,0
52,KERNDTLB <*> 2005.06.11 R30-M0-N9-C:J16-U01 <*> R30-M0-N9-C:J16-U01 RAS KERNEL FATAL data TLB error interrupt KERNDTLB <*> 2005.06.11 R30-M0-N9-C:J16-U01 <*> R30-M0-N9-C:J16-U01 RAS KERNEL FATAL data TLB error interrupt KERNDTLB <*> 2005.06.11 R30-M0-N9-C:J16-U01 <*> R30-M0-N9-C:J16-U01 RAS KERNEL FATAL data TLB error interrupt KERNDTLB <*> 2005.06.11 R30-M0-N9-C:J16-U01 <*> R30-M0-N9-C:J16-U01 RAS KERNEL FATAL data TLB error interrupt KERNDTLB <*> 2005.06.11 R30-M0-N9-C:J16-U01 <*> R30-M0-N9-C:J16-U01 RAS KERNEL FATAL data TLB error interrupt KERNDTLB <*> 2005.06.11 R30-M0-N9-C:J16-U01 <*> R30-M0-N9-C:J16-U01 RAS KERNEL FATAL data TLB error interrupt KERNDTLB <*> 2005.06.11 R30-M0-N9-C:J16-U01 <*> R30-M0-N9-C:J16-U01 RAS KERNEL FATAL data TLB error interrupt - <*> <*> <*> <*> <*> RAS KERNEL INFO CE sym <*> at <*> mask <*> - 1118699850 2005.06.13 R22-M0-NC-I:J18-U01 2005-06-13-14.57.30.126106 R22-M0-NC-I:J18-U01 RAS KERNEL INFO ciod: Message code 0 is not 51 or 4294967295 KERNSTOR 1118709403 2005.06.13 R10-M1-N5-C:J15-U11 2005-06-13-17.36.43.927885 R10-M1-N5-C:J15-U11 RAS KERNEL FATAL data storage interrupt,,0
53,KERNDTLB <*> 2005.06.11 R30-M0-N9-C:J16-U01 <*> R30-M0-N9-C:J16-U01 RAS KERNEL FATAL data TLB error interrupt KERNDTLB <*> 2005.06.11 R30-M0-N9-C:J16-U01 <*> R30-M0-N9-C:J16-U01 RAS KERNEL FATAL data TLB error interrupt KERNDTLB <*> 2005.06.11 R30-M0-N9-C:J16-U01 <*> R30-M0-N9-C:J16-U01 RAS KERNEL FATAL data TLB error interrupt KERNDTLB <*> 2005.06.11 R30-M0-N9-C:J16-U01 <*> R30-M0-N9-C:J16-U01 RAS KERNEL FATAL data TLB error interrupt - <*> <*> <*> <*> <*> RAS KERNEL INFO CE sym <*> at <*> mask <*> - 1118699850 2005.06.13 R22-M0-NC-I:J18-U01 2005-06-13-14.57.30.126106 R22-M0-NC-I:J18-U01 RAS KERNEL INFO ciod: Message code 0 is not 51 or 4294967295 KERNSTOR 1118709403 2005.06.13 R10-M1-N5-C:J15-U11 2005-06-13-17.36.43.927885 R10-M1-N5-C:J15-U11 RAS KERNEL FATAL data storage interrupt KERNSTOR <*> 2005.06.13 <*> <*> <*> RAS KERNEL FATAL data storage interrupt KERNSTOR <*> 2005.06.13 <*> <*> <*> RAS KERNEL FATAL data storage interrupt KERNSTOR <*> 2005.06.13 <*> <*> <*> RAS KERNEL FATAL data storage interrupt,,0
54,KERNDTLB <*> 2005.06.11 R30-M0-N9-C:J16-U01 <*> R30-M0-N9-C:J16-U01 RAS KERNEL FATAL data TLB error interrupt - <*> <*> <*> <*> <*> RAS KERNEL INFO CE sym <*> at <*> mask <*> - 1118699850 2005.06.13 R22-M0-NC-I:J18-U01 2005-06-13-14.57.30.126106 R22-M0-NC-I:J18-U01 RAS KERNEL INFO ciod: Message code 0 is not 51 or 4294967295 KERNSTOR 1118709403 2005.06.13 R10-M1-N5-C:J15-U11 2005-06-13-17.36.43.927885 R10-M1-N5-C:J15-U11 RAS KERNEL FATAL data storage interrupt KERNSTOR <*> 2005.06.13 <*> <*> <*> RAS KERNEL FATAL data storage interrupt KERNSTOR <*> 2005.06.13 <*> <*> <*> RAS KERNEL FATAL data storage interrupt KERNSTOR <*> 2005.06.13 <*> <*> <*> RAS KERNEL FATAL data storage interrupt KERNSTOR <*> 2005.06.13 <*> <*> <*> RAS KERNEL FATAL data storage interrupt KERNSTOR <*> 2005.06.13 <*> <*> <*> RAS KERNEL FATAL data storage interrupt KERNSTOR <*> 2005.06.13 <*> <*> <*> RAS KERNEL FATAL data storage interrupt,,0
55,KERNSTOR 1118709403 2005.06.13 R10-M1-N5-C:J15-U11 2005-06-13-17.36.43.927885 R10-M1-N5-C:J15-U11 RAS KERNEL FATAL data storage interrupt KERNSTOR <*> 2005.06.13 <*> <*> <*> RAS KERNEL FATAL data storage interrupt KERNSTOR <*> 2005.06.13 <*> <*> <*> RAS KERNEL FATAL data storage interrupt KERNSTOR <*> 2005.06.13 <*> <*> <*> RAS KERNEL FATAL data storage interrupt KERNSTOR <*> 2005.06.13 <*> <*> <*> RAS KERNEL FATAL data storage interrupt KERNSTOR <*> 2005.06.13 <*> <*> <*> RAS KERNEL FATAL data storage interrupt KERNSTOR <*> 2005.06.13 <*> <*> <*> RAS KERNEL FATAL data storage interrupt KERNSTOR <*> 2005.06.13 <*> <*> <*> RAS KERNEL FATAL data storage interrupt - 1118709955 2005.06.13 R10-M0-N1-C:J17-U11 2005-06-13-17.45.55.674418 R10-M0-N1-C:J17-U11 RAS KERNEL FATAL instruction address: 0x00004ed8 - <*> 2005.06.13 <*> <*> <*> RAS KERNEL FATAL instruction address: 0x00004ed8,,0
56,KERNSTOR <*> 2005.06.13 <*> <*> <*> RAS KERNEL FATAL data storage interrupt KERNSTOR <*> 2005.06.13 <*> <*> <*> RAS KERNEL FATAL data storage interrupt KERNSTOR <*> 2005.06.13 <*> <*> <*> RAS KERNEL FATAL data storage interrupt KERNSTOR <*> 2005.06.13 <*> <*> <*> RAS KERNEL FATAL data storage interrupt KERNSTOR <*> 2005.06.13 <*> <*> <*> RAS KERNEL FATAL data storage interrupt - 1118709955 2005.06.13 R10-M0-N1-C:J17-U11 2005-06-13-17.45.55.674418 R10-M0-N1-C:J17-U11 RAS KERNEL FATAL instruction address: 0x00004ed8 - <*> 2005.06.13 <*> <*> <*> RAS KERNEL FATAL instruction address: 0x00004ed8 - <*> 2005.06.13 <*> <*> <*> RAS KERNEL FATAL instruction address: 0x00004ed8 - <*> 2005.06.13 <*> <*> <*> RAS KERNEL FATAL instruction address: 0x00004ed8 - <*> 2005.06.13 <*> <*> <*> RAS KERNEL FATAL instruction address: 0x00004ed8,,0
57,KERNSTOR <*> 2005.06.13 <*> <*> <*> RAS KERNEL FATAL data storage interrupt KERNSTOR <*> 2005.06.13 <*> <*> <*> RAS KERNEL FATAL data storage interrupt - 1118709955 2005.06.13 R10-M0-N1-C:J17-U11 2005-06-13-17.45.55.674418 R10-M0-N1-C:J17-U11 RAS KERNEL FATAL instruction address: 0x00004ed8 - <*> 2005.06.13 <*> <*> <*> RAS KERNEL FATAL instruction address: 0x00004ed8 - <*> 2005.06.13 <*> <*> <*> RAS KERNEL FATAL instruction address: 0x00004ed8 - <*> 2005.06.13 <*> <*> <*> RAS KERNEL FATAL instruction address: 0x00004ed8 - <*> 2005.06.13 <*> <*> <*> RAS KERNEL FATAL instruction address: 0x00004ed8 - <*> 2005.06.13 <*> <*> <*> RAS KERNEL FATAL instruction address: 0x00004ed8 - <*> 2005.06.13 <*> <*> <*> RAS KERNEL FATAL instruction address: 0x00004ed8 - <*> <*> <*> <*> <*> RAS KERNEL INFO generating <*>,,0
58,- <*> 2005.06.13 <*> <*> <*> RAS KERNEL FATAL instruction address: 0x00004ed8 - <*> 2005.06.13 <*> <*> <*> RAS KERNEL FATAL instruction address: 0x00004ed8 - <*> 2005.06.13 <*> <*> <*> RAS KERNEL FATAL instruction address: 0x00004ed8 - <*> 2005.06.13 <*> <*> <*> RAS KERNEL FATAL instruction address: 0x00004ed8 - <*> 2005.06.13 <*> <*> <*> RAS KERNEL FATAL instruction address: 0x00004ed8 - <*> 2005.06.13 <*> <*> <*> RAS KERNEL FATAL instruction address: 0x00004ed8 - <*> <*> <*> <*> <*> RAS KERNEL INFO generating <*> - <*> <*> <*> <*> <*> RAS KERNEL INFO generating <*> - <*> <*> <*> <*> <*> RAS KERNEL INFO generating <*> - <*> <*> <*> <*> <*> RAS KERNEL INFO generating <*>,,0
59,- <*> 2005.06.13 <*> <*> <*> RAS KERNEL FATAL instruction address: 0x00004ed8 - <*> 2005.06.13 <*> <*> <*> RAS KERNEL FATAL instruction address: 0x00004ed8 - <*> 2005.06.13 <*> <*> <*> RAS KERNEL FATAL instruction address: 0x00004ed8 - <*> <*> <*> <*> <*> RAS KERNEL INFO generating <*> - <*> <*> <*> <*> <*> RAS KERNEL INFO generating <*> - <*> <*> <*> <*> <*> RAS KERNEL INFO generating <*> - <*> <*> <*> <*> <*> RAS KERNEL INFO generating <*> - <*> <*> <*> <*> <*> RAS KERNEL INFO generating <*> KERNSTOR <*> <*> <*> <*> <*> RAS KERNEL FATAL data storage interrupt KERNSTOR <*> <*> <*> <*> <*> RAS KERNEL FATAL data storage interrupt,,0
60,- <*> <*> <*> <*> <*> RAS KERNEL INFO generating <*> - <*> <*> <*> <*> <*> RAS KERNEL INFO generating <*> - <*> <*> <*> <*> <*> RAS KERNEL INFO generating <*> - <*> <*> <*> <*> <*> RAS KERNEL INFO generating <*> - <*> <*> <*> <*> <*> RAS KERNEL INFO generating <*> KERNSTOR <*> <*> <*> <*> <*> RAS KERNEL FATAL data storage interrupt KERNSTOR <*> <*> <*> <*> <*> RAS KERNEL FATAL data storage interrupt KERNSTOR <*> <*> <*> <*> <*> RAS KERNEL FATAL data storage interrupt KERNSTOR <*> <*> <*> <*> <*> RAS KERNEL FATAL data storage interrupt KERNSTOR <*> <*> <*> <*> <*> RAS KERNEL FATAL data storage interrupt,,0
61,- <*> <*> <*> <*> <*> RAS KERNEL INFO generating <*> - <*> <*> <*> <*> <*> RAS KERNEL INFO generating <*> KERNSTOR <*> <*> <*> <*> <*> RAS KERNEL FATAL data storage interrupt KERNSTOR <*> <*> <*> <*> <*> RAS KERNEL FATAL data storage interrupt KERNSTOR <*> <*> <*> <*> <*> RAS KERNEL FATAL data storage interrupt KERNSTOR <*> <*> <*> <*> <*> RAS KERNEL FATAL data storage interrupt KERNSTOR <*> <*> <*> <*> <*> RAS KERNEL FATAL data storage interrupt KERNSTOR <*> <*> <*> <*> <*> RAS KERNEL FATAL data storage interrupt KERNSTOR <*> <*> <*> <*> <*> RAS KERNEL FATAL data storage interrupt KERNSTOR <*> <*> <*> <*> <*> RAS KERNEL FATAL data storage interrupt,,0
62,KERNSTOR <*> <*> <*> <*> <*> RAS KERNEL FATAL data storage interrupt KERNSTOR <*> <*> <*> <*> <*> RAS KERNEL FATAL data storage interrupt KERNSTOR <*> <*> <*> <*> <*> RAS KERNEL FATAL data storage interrupt KERNSTOR <*> <*> <*> <*> <*> RAS KERNEL FATAL data storage interrupt KERNSTOR <*> <*> <*> <*> <*> RAS KERNEL FATAL data storage interrupt KERNSTOR <*> <*> <*> <*> <*> RAS KERNEL FATAL data storage interrupt KERNSTOR <*> <*> <*> <*> <*> RAS KERNEL FATAL data storage interrupt - <*> <*> <*> <*> <*> RAS KERNEL FATAL instruction address: 0x00004ed8 - <*> <*> <*> <*> <*> RAS KERNEL FATAL instruction address: 0x00004ed8 - <*> <*> <*> <*> <*> RAS KERNEL FATAL instruction address: 0x00004ed8,Repeated kernel storage faults indicate severe memory corruption and system instability.,1
63,KERNSTOR <*> <*> <*> <*> <*> RAS KERNEL FATAL data storage interrupt KERNSTOR <*> <*> <*> <*> <*> RAS KERNEL FATAL data storage interrupt KERNSTOR <*> <*> <*> <*> <*> RAS KERNEL FATAL data storage interrupt KERNSTOR <*> <*> <*> <*> <*> RAS KERNEL FATAL data storage interrupt - <*> <*> <*> <*> <*> RAS KERNEL FATAL instruction address: 0x00004ed8 - <*> <*> <*> <*> <*> RAS KERNEL FATAL instruction address: 0x00004ed8 - <*> <*> <*> <*> <*> RAS KERNEL FATAL instruction address: 0x00004ed8 - <*> <*> <*> <*> <*> RAS KERNEL FATAL instruction address: 0x00004ed8 - <*> <*> <*> <*> <*> RAS KERNEL FATAL instruction address: 0x00004ed8 - <*> <*> <*> <*> <*> RAS KERNEL FATAL instruction address: 0x00004ed8,,0
64,KERNSTOR <*> <*> <*> <*> <*> RAS KERNEL FATAL data storage interrupt - <*> <*> <*> <*> <*> RAS KERNEL FATAL instruction address: 0x00004ed8 - <*> <*> <*> <*> <*> RAS KERNEL FATAL instruction address: 0x00004ed8 - <*> <*> <*> <*> <*> RAS KERNEL FATAL instruction address: 0x00004ed8 - <*> <*> <*> <*> <*> RAS KERNEL FATAL instruction address: 0x00004ed8 - <*> <*> <*> <*> <*> RAS KERNEL FATAL instruction address: 0x00004ed8 - <*> <*> <*> <*> <*> RAS KERNEL FATAL instruction address: 0x00004ed8 - <*> <*> <*> <*> <*> RAS KERNEL FATAL instruction address: 0x00004ed8 - <*> <*> <*> <*> <*> RAS KERNEL FATAL instruction address: 0x00004ed8 KERNSTOR <*> <*> <*> <*> <*> RAS KERNEL FATAL data storage interrupt,Repeated kernel storage faults and data storage interrupts indicate severe system instability.,1
65,- <*> <*> <*> <*> <*> RAS KERNEL FATAL instruction address: 0x00004ed8 - <*> <*> <*> <*> <*> RAS KERNEL FATAL instruction address: 0x00004ed8 - <*> <*> <*> <*> <*> RAS KERNEL FATAL instruction address: 0x00004ed8 - <*> <*> <*> <*> <*> RAS KERNEL FATAL instruction address: 0x00004ed8 - <*> <*> <*> <*> <*> RAS KERNEL FATAL instruction address: 0x00004ed8 - <*> <*> <*> <*> <*> RAS KERNEL FATAL instruction address: 0x00004ed8 KERNSTOR <*> <*> <*> <*> <*> RAS KERNEL FATAL data storage interrupt - <*> <*> <*> <*> <*> RAS KERNEL FATAL instruction address: 0x00004ed8 - <*> <*> <*> <*> <*> RAS KERNEL FATAL instruction address: 0x00004ed8 - <*> <*> <*> <*> <*> RAS KERNEL FATAL <*> address: <*>,,0
66,- <*> <*> <*> <*> <*> RAS KERNEL FATAL instruction address: 0x00004ed8 - <*> <*> <*> <*> <*> RAS KERNEL FATAL instruction address: 0x00004ed8 - <*> <*> <*> <*> <*> RAS KERNEL FATAL instruction address: 0x00004ed8 KERNSTOR <*> <*> <*> <*> <*> RAS KERNEL FATAL data storage interrupt - <*> <*> <*> <*> <*> RAS KERNEL FATAL instruction address: 0x00004ed8 - <*> <*> <*> <*> <*> RAS KERNEL FATAL instruction address: 0x00004ed8 - <*> <*> <*> <*> <*> RAS KERNEL FATAL <*> address: <*> - <*> <*> <*> <*> <*> RAS KERNEL FATAL <*> address: <*> - 1118767283 2005.06.14 R20-M1-N3-C:J14-U01 2005-06-14-09.41.23.815131 R20-M1-N3-C:J14-U01 RAS KERNEL FATAL machine check: i-fetch......................0 - <*> 2005.06.14 <*> <*> <*> RAS KERNEL FATAL machine check: i-fetch......................0,"RAS kernel faults, machine check errors, and kernel FATALs indicate severe system inst",1
67,KERNSTOR <*> <*> <*> <*> <*> RAS KERNEL FATAL data storage interrupt - <*> <*> <*> <*> <*> RAS KERNEL FATAL instruction address: 0x00004ed8 - <*> <*> <*> <*> <*> RAS KERNEL FATAL instruction address: 0x00004ed8 - <*> <*> <*> <*> <*> RAS KERNEL FATAL <*> address: <*> - <*> <*> <*> <*> <*> RAS KERNEL FATAL <*> address: <*> - 1118767283 2005.06.14 R20-M1-N3-C:J14-U01 2005-06-14-09.41.23.815131 R20-M1-N3-C:J14-U01 RAS KERNEL FATAL machine check: i-fetch......................0 - <*> 2005.06.14 <*> <*> <*> RAS KERNEL FATAL machine check: i-fetch......................0 - 1118767381 2005.06.14 R20-M0-N2-C:J13-U11 2005-06-14-09.43.01.478244 R20-M0-N2-C:J13-U11 RAS KERNEL FATAL program interrupt: illegal instruction......0 KERNSTOR <*> <*> <*> <*> <*> RAS KERNEL FATAL data storage interrupt KERNSTOR <*> <*> <*> <*> <*> RAS KERNEL FATAL data storage interrupt,,0
68,- <*> <*> <*> <*> <*> RAS KERNEL FATAL <*> address: <*> - <*> <*> <*> <*> <*> RAS KERNEL FATAL <*> address: <*> - 1118767283 2005.06.14 R20-M1-N3-C:J14-U01 2005-06-14-09.41.23.815131 R20-M1-N3-C:J14-U01 RAS KERNEL FATAL machine check: i-fetch......................0 - <*> 2005.06.14 <*> <*> <*> RAS KERNEL FATAL machine check: i-fetch......................0 - 1118767381 2005.06.14 R20-M0-N2-C:J13-U11 2005-06-14-09.43.01.478244 R20-M0-N2-C:J13-U11 RAS KERNEL FATAL program interrupt: illegal instruction......0 KERNSTOR <*> <*> <*> <*> <*> RAS KERNEL FATAL data storage interrupt KERNSTOR <*> <*> <*> <*> <*> RAS KERNEL FATAL data storage interrupt KERNSTOR <*> <*> <*> <*> <*> RAS KERNEL FATAL data storage interrupt KERNSTOR <*> <*> <*> <*> <*> RAS KERNEL FATAL data storage interrupt KERNSTOR <*> <*> <*> <*> <*> RAS KERNEL FATAL data storage interrupt,,0
69,- <*> 2005.06.14 <*> <*> <*> RAS KERNEL FATAL machine check: i-fetch......................0 - 1118767381 2005.06.14 R20-M0-N2-C:J13-U11 2005-06-14-09.43.01.478244 R20-M0-N2-C:J13-U11 RAS KERNEL FATAL program interrupt: illegal instruction......0 KERNSTOR <*> <*> <*> <*> <*> RAS KERNEL FATAL data storage interrupt KERNSTOR <*> <*> <*> <*> <*> RAS KERNEL FATAL data storage interrupt KERNSTOR <*> <*> <*> <*> <*> RAS KERNEL FATAL data storage interrupt KERNSTOR <*> <*> <*> <*> <*> RAS KERNEL FATAL data storage interrupt KERNSTOR <*> <*> <*> <*> <*> RAS KERNEL FATAL data storage interrupt - <*> <*> <*> <*> <*> RAS KERNEL FATAL <*> address: <*> KERNSTOR <*> <*> <*> <*> <*> RAS KERNEL FATAL data storage interrupt - <*> <*> <*> <*> <*> RAS KERNEL FATAL <*> address: <*>,,0
70,KERNSTOR <*> <*> <*> <*> <*> RAS KERNEL FATAL data storage interrupt KERNSTOR <*> <*> <*> <*> <*> RAS KERNEL FATAL data storage interrupt KERNSTOR <*> <*> <*> <*> <*> RAS KERNEL FATAL data storage interrupt KERNSTOR <*> <*> <*> <*> <*> RAS KERNEL FATAL data storage interrupt - <*> <*> <*> <*> <*> RAS KERNEL FATAL <*> address: <*> KERNSTOR <*> <*> <*> <*> <*> RAS KERNEL FATAL data storage interrupt - <*> <*> <*> <*> <*> RAS KERNEL FATAL <*> address: <*> KERNSTOR <*> <*> <*> <*> <*> RAS KERNEL FATAL data storage interrupt - <*> <*> <*> <*> <*> RAS KERNEL FATAL <*> address: <*> KERNSTOR <*> <*> <*> <*> <*> RAS KERNEL FATAL data storage interrupt,Massive data storage interrupts and kernel faults indicate severe system instability and memory corruption.,1
71,KERNSTOR <*> <*> <*> <*> <*> RAS KERNEL FATAL data storage interrupt - <*> <*> <*> <*> <*> RAS KERNEL FATAL <*> address: <*> KERNSTOR <*> <*> <*> <*> <*> RAS KERNEL FATAL data storage interrupt - <*> <*> <*> <*> <*> RAS KERNEL FATAL <*> address: <*> KERNSTOR <*> <*> <*> <*> <*> RAS KERNEL FATAL data storage interrupt - <*> <*> <*> <*> <*> RAS KERNEL FATAL <*> address: <*> KERNSTOR <*> <*> <*> <*> <*> RAS KERNEL FATAL data storage interrupt - <*> <*> <*> <*> <*> RAS KERNEL FATAL <*> address: <*> - <*> <*> <*> <*> <*> RAS KERNEL FATAL <*> address: <*> KERNSTOR <*> <*> <*> <*> <*> RAS KERNEL FATAL data storage interrupt,Repeated kernel storage faults and data storage interrupts indicate severe system memory corruption and hardware,1
72,- <*> <*> <*> <*> <*> RAS KERNEL FATAL <*> address: <*> KERNSTOR <*> <*> <*> <*> <*> RAS KERNEL FATAL data storage interrupt - <*> <*> <*> <*> <*> RAS KERNEL FATAL <*> address: <*> KERNSTOR <*> <*> <*> <*> <*> RAS KERNEL FATAL data storage interrupt - <*> <*> <*> <*> <*> RAS KERNEL FATAL <*> address: <*> - <*> <*> <*> <*> <*> RAS KERNEL FATAL <*> address: <*> KERNSTOR <*> <*> <*> <*> <*> RAS KERNEL FATAL data storage interrupt - <*> <*> <*> <*> <*> RAS KERNEL FATAL <*> address: <*> - <*> 2005.06.14 <*> <*> <*> RAS KERNEL FATAL machine check: i-fetch......................0 KERNSTOR <*> <*> <*> <*> <*> RAS KERNEL FATAL data storage interrupt,"RAS kernel fatal errors, RAS kernel storage faults, and machine check interrupts indicate severe",1
73,KERNSTOR <*> <*> <*> <*> <*> RAS KERNEL FATAL data storage interrupt - <*> <*> <*> <*> <*> RAS KERNEL FATAL <*> address: <*> - <*> <*> <*> <*> <*> RAS KERNEL FATAL <*> address: <*> KERNSTOR <*> <*> <*> <*> <*> RAS KERNEL FATAL data storage interrupt - <*> <*> <*> <*> <*> RAS KERNEL FATAL <*> address: <*> - <*> 2005.06.14 <*> <*> <*> RAS KERNEL FATAL machine check: i-fetch......................0 KERNSTOR <*> <*> <*> <*> <*> RAS KERNEL FATAL data storage interrupt KERNSTOR <*> <*> <*> <*> <*> RAS KERNEL FATAL data storage interrupt KERNSTOR <*> <*> <*> <*> <*> RAS KERNEL FATAL data storage interrupt KERNSTOR <*> <*> <*> <*> <*> RAS KERNEL FATAL data storage interrupt,,0
74,KERNSTOR <*> <*> <*> <*> <*> RAS KERNEL FATAL data storage interrupt - <*> <*> <*> <*> <*> RAS KERNEL FATAL <*> address: <*> - <*> 2005.06.14 <*> <*> <*> RAS KERNEL FATAL machine check: i-fetch......................0 KERNSTOR <*> <*> <*> <*> <*> RAS KERNEL FATAL data storage interrupt KERNSTOR <*> <*> <*> <*> <*> RAS KERNEL FATAL data storage interrupt KERNSTOR <*> <*> <*> <*> <*> RAS KERNEL FATAL data storage interrupt KERNSTOR <*> <*> <*> <*> <*> RAS KERNEL FATAL data storage interrupt - <*> <*> <*> <*> <*> RAS KERNEL FATAL <*> address: <*> - <*> <*> <*> <*> <*> RAS KERNEL FATAL <*> address: <*> - 1118769530 2005.06.14 R27-M1-NA-C:J16-U11 2005-06-14-10.18.50.161104 R27-M1-NA-C:J16-U11 RAS KERNEL FATAL exception syndrome register: 0x00800000,Repeated kernel data storage interrupts and machine check errors indicate severe hardware failure.,1
75,KERNSTOR <*> <*> <*> <*> <*> RAS KERNEL FATAL data storage interrupt KERNSTOR <*> <*> <*> <*> <*> RAS KERNEL FATAL data storage interrupt KERNSTOR <*> <*> <*> <*> <*> RAS KERNEL FATAL data storage interrupt KERNSTOR <*> <*> <*> <*> <*> RAS KERNEL FATAL data storage interrupt - <*> <*> <*> <*> <*> RAS KERNEL FATAL <*> address: <*> - <*> <*> <*> <*> <*> RAS KERNEL FATAL <*> address: <*> - 1118769530 2005.06.14 R27-M1-NA-C:J16-U11 2005-06-14-10.18.50.161104 R27-M1-NA-C:J16-U11 RAS KERNEL FATAL exception syndrome register: 0x00800000 - <*> 2005.06.14 <*> <*> <*> RAS KERNEL FATAL exception syndrome register: 0x00800000 - <*> 2005.06.14 <*> <*> <*> RAS KERNEL FATAL exception syndrome register: 0x00800000 - <*> 2005.06.14 <*> <*> <*> RAS KERNEL FATAL exception syndrome register: 0x00800000,,0
76,KERNSTOR <*> <*> <*> <*> <*> RAS KERNEL FATAL data storage interrupt - <*> <*> <*> <*> <*> RAS KERNEL FATAL <*> address: <*> - <*> <*> <*> <*> <*> RAS KERNEL FATAL <*> address: <*> - 1118769530 2005.06.14 R27-M1-NA-C:J16-U11 2005-06-14-10.18.50.161104 R27-M1-NA-C:J16-U11 RAS KERNEL FATAL exception syndrome register: 0x00800000 - <*> 2005.06.14 <*> <*> <*> RAS KERNEL FATAL exception syndrome register: 0x00800000 - <*> 2005.06.14 <*> <*> <*> RAS KERNEL FATAL exception syndrome register: 0x00800000 - <*> 2005.06.14 <*> <*> <*> RAS KERNEL FATAL exception syndrome register: 0x00800000 - <*> 2005.06.14 <*> <*> <*> RAS KERNEL FATAL program interrupt: illegal instruction......0 - <*> 2005.06.14 <*> <*> <*> RAS KERNEL FATAL program interrupt: illegal instruction......0 - <*> <*> <*> <*> <*> RAS KERNEL FATAL <*> address: <*>,,0
77,- 1118769530 2005.06.14 R27-M1-NA-C:J16-U11 2005-06-14-10.18.50.161104 R27-M1-NA-C:J16-U11 RAS KERNEL FATAL exception syndrome register: 0x00800000 - <*> 2005.06.14 <*> <*> <*> RAS KERNEL FATAL exception syndrome register: 0x00800000 - <*> 2005.06.14 <*> <*> <*> RAS KERNEL FATAL exception syndrome register: 0x00800000 - <*> 2005.06.14 <*> <*> <*> RAS KERNEL FATAL exception syndrome register: 0x00800000 - <*> 2005.06.14 <*> <*> <*> RAS KERNEL FATAL program interrupt: illegal instruction......0 - <*> 2005.06.14 <*> <*> <*> RAS KERNEL FATAL program interrupt: illegal instruction......0 - <*> <*> <*> <*> <*> RAS KERNEL FATAL <*> address: <*> - <*> 2005.06.14 <*> <*> <*> RAS KERNEL FATAL exception syndrome register: 0x00800000 - <*> 2005.06.14 <*> <*> <*> RAS KERNEL FATAL machine check: i-fetch......................0 - 1118769991 2005.06.14 R26-M0-NA-C:J04-U11 2005-06-14-10.26.31.242578 R26-M0-NA-C:J04-U11 RAS KERNEL FATAL data store interrupt caused by dcbf.........0,,0
78,- <*> 2005.06.14 <*> <*> <*> RAS KERNEL FATAL exception syndrome register: 0x00800000 - <*> 2005.06.14 <*> <*> <*> RAS KERNEL FATAL program interrupt: illegal instruction......0 - <*> 2005.06.14 <*> <*> <*> RAS KERNEL FATAL program interrupt: illegal instruction......0 - <*> <*> <*> <*> <*> RAS KERNEL FATAL <*> address: <*> - <*> 2005.06.14 <*> <*> <*> RAS KERNEL FATAL exception syndrome register: 0x00800000 - <*> 2005.06.14 <*> <*> <*> RAS KERNEL FATAL machine check: i-fetch......................0 - 1118769991 2005.06.14 R26-M0-NA-C:J04-U11 2005-06-14-10.26.31.242578 R26-M0-NA-C:J04-U11 RAS KERNEL FATAL data store interrupt caused by dcbf.........0 - <*> 2005.06.14 <*> <*> <*> RAS KERNEL FATAL machine check: i-fetch......................0 - <*> 2005.06.14 <*> <*> <*> RAS KERNEL FATAL data store interrupt caused by dcbf.........0 - <*> 2005.06.14 <*> <*> <*> RAS KERNEL FATAL program interrupt: illegal instruction......0,,0
79,- <*> <*> <*> <*> <*> RAS KERNEL FATAL <*> address: <*> - <*> 2005.06.14 <*> <*> <*> RAS KERNEL FATAL exception syndrome register: 0x00800000 - <*> 2005.06.14 <*> <*> <*> RAS KERNEL FATAL machine check: i-fetch......................0 - 1118769991 2005.06.14 R26-M0-NA-C:J04-U11 2005-06-14-10.26.31.242578 R26-M0-NA-C:J04-U11 RAS KERNEL FATAL data store interrupt caused by dcbf.........0 - <*> 2005.06.14 <*> <*> <*> RAS KERNEL FATAL machine check: i-fetch......................0 - <*> 2005.06.14 <*> <*> <*> RAS KERNEL FATAL data store interrupt caused by dcbf.........0 - <*> 2005.06.14 <*> <*> <*> RAS KERNEL FATAL program interrupt: illegal instruction......0 - <*> 2005.06.14 <*> <*> <*> RAS KERNEL FATAL program interrupt: illegal instruction......0 - <*> 2005.06.14 <*> <*> <*> RAS KERNEL FATAL program interrupt: <*> <*> - <*> 2005.06.14 <*> <*> <*> RAS KERNEL FATAL program interrupt: <*> <*>,,0
80,- 1118769991 2005.06.14 R26-M0-NA-C:J04-U11 2005-06-14-10.26.31.242578 R26-M0-NA-C:J04-U11 RAS KERNEL FATAL data store interrupt caused by dcbf.........0 - <*> 2005.06.14 <*> <*> <*> RAS KERNEL FATAL machine check: i-fetch......................0 - <*> 2005.06.14 <*> <*> <*> RAS KERNEL FATAL data store interrupt caused by dcbf.........0 - <*> 2005.06.14 <*> <*> <*> RAS KERNEL FATAL program interrupt: illegal instruction......0 - <*> 2005.06.14 <*> <*> <*> RAS KERNEL FATAL program interrupt: illegal instruction......0 - <*> 2005.06.14 <*> <*> <*> RAS KERNEL FATAL program interrupt: <*> <*> - <*> 2005.06.14 <*> <*> <*> RAS KERNEL FATAL program interrupt: <*> <*> - <*> 2005.06.14 <*> <*> <*> RAS KERNEL FATAL program interrupt: <*> <*> - <*> 2005.06.14 <*> <*> <*> RAS KERNEL FATAL program interrupt: <*> <*> - 1118770603 2005.06.14 R24-M1-NE-C:J15-U11 2005-06-14-10.36.43.928442 R24-M1-NE-C:J15-U11 RAS KERNEL FATAL store operation.............................1,,0
81,- <*> 2005.06.14 <*> <*> <*> RAS KERNEL FATAL program interrupt: illegal instruction......0 - <*> 2005.06.14 <*> <*> <*> RAS KERNEL FATAL program interrupt: illegal instruction......0 - <*> 2005.06.14 <*> <*> <*> RAS KERNEL FATAL program interrupt: <*> <*> - <*> 2005.06.14 <*> <*> <*> RAS KERNEL FATAL program interrupt: <*> <*> - <*> 2005.06.14 <*> <*> <*> RAS KERNEL FATAL program interrupt: <*> <*> - <*> 2005.06.14 <*> <*> <*> RAS KERNEL FATAL program interrupt: <*> <*> - 1118770603 2005.06.14 R24-M1-NE-C:J15-U11 2005-06-14-10.36.43.928442 R24-M1-NE-C:J15-U11 RAS KERNEL FATAL store operation.............................1 - <*> 2005.06.14 <*> <*> <*> RAS KERNEL FATAL store operation.............................1 - <*> 2005.06.14 <*> <*> <*> RAS KERNEL FATAL <*> <*> register: <*> - <*> 2005.06.14 <*> <*> <*> RAS KERNEL FATAL data store interrupt caused by <*>,,0
82,- <*> 2005.06.14 <*> <*> <*> RAS KERNEL FATAL program interrupt: <*> <*> - <*> 2005.06.14 <*> <*> <*> RAS KERNEL FATAL program interrupt: <*> <*> - <*> 2005.06.14 <*> <*> <*> RAS KERNEL FATAL program interrupt: <*> <*> - 1118770603 2005.06.14 R24-M1-NE-C:J15-U11 2005-06-14-10.36.43.928442 R24-M1-NE-C:J15-U11 RAS KERNEL FATAL store operation.............................1 - <*> 2005.06.14 <*> <*> <*> RAS KERNEL FATAL store operation.............................1 - <*> 2005.06.14 <*> <*> <*> RAS KERNEL FATAL <*> <*> register: <*> - <*> 2005.06.14 <*> <*> <*> RAS KERNEL FATAL data store interrupt caused by <*> - <*> 2005.06.14 <*> <*> <*> RAS KERNEL FATAL <*> <*> <*> - <*> 2005.06.14 <*> <*> <*> RAS KERNEL FATAL data store interrupt caused by <*> - <*> 2005.06.14 <*> <*> <*> RAS KERNEL FATAL data store interrupt caused by <*>,,0
83,- 1118770603 2005.06.14 R24-M1-NE-C:J15-U11 2005-06-14-10.36.43.928442 R24-M1-NE-C:J15-U11 RAS KERNEL FATAL store operation.............................1 - <*> 2005.06.14 <*> <*> <*> RAS KERNEL FATAL store operation.............................1 - <*> 2005.06.14 <*> <*> <*> RAS KERNEL FATAL <*> <*> register: <*> - <*> 2005.06.14 <*> <*> <*> RAS KERNEL FATAL data store interrupt caused by <*> - <*> 2005.06.14 <*> <*> <*> RAS KERNEL FATAL <*> <*> <*> - <*> 2005.06.14 <*> <*> <*> RAS KERNEL FATAL data store interrupt caused by <*> - <*> 2005.06.14 <*> <*> <*> RAS KERNEL FATAL data store interrupt caused by <*> - 1118771001 2005.06.14 R26-M1-NF-C:J11-U11 2005-06-14-10.43.21.582308 R26-M1-NF-C:J11-U11 RAS KERNEL FATAL floating point instr. enabled.....1 - <*> 2005.06.14 <*> <*> <*> RAS KERNEL FATAL floating point instr. enabled.....1 - <*> 2005.06.14 <*> <*> <*> RAS KERNEL FATAL floating point instr. enabled.....1,,0
84,- <*> 2005.06.14 <*> <*> <*> RAS KERNEL FATAL data store interrupt caused by <*> - <*> 2005.06.14 <*> <*> <*> RAS KERNEL FATAL <*> <*> <*> - <*> 2005.06.14 <*> <*> <*> RAS KERNEL FATAL data store interrupt caused by <*> - <*> 2005.06.14 <*> <*> <*> RAS KERNEL FATAL data store interrupt caused by <*> - 1118771001 2005.06.14 R26-M1-NF-C:J11-U11 2005-06-14-10.43.21.582308 R26-M1-NF-C:J11-U11 RAS KERNEL FATAL floating point instr. enabled.....1 - <*> 2005.06.14 <*> <*> <*> RAS KERNEL FATAL floating point instr. enabled.....1 - <*> 2005.06.14 <*> <*> <*> RAS KERNEL FATAL floating point instr. enabled.....1 - <*> 2005.06.14 <*> <*> <*> RAS KERNEL FATAL <*> <*> - <*> 2005.06.14 <*> <*> <*> RAS KERNEL FATAL <*> <*> <*> - <*> 2005.06.14 <*> <*> <*> RAS KERNEL FATAL <*> <*> <*>,,0
85,- <*> 2005.06.14 <*> <*> <*> RAS KERNEL FATAL data store interrupt caused by <*> - 1118771001 2005.06.14 R26-M1-NF-C:J11-U11 2005-06-14-10.43.21.582308 R26-M1-NF-C:J11-U11 RAS KERNEL FATAL floating point instr. enabled.....1 - <*> 2005.06.14 <*> <*> <*> RAS KERNEL FATAL floating point instr. enabled.....1 - <*> 2005.06.14 <*> <*> <*> RAS KERNEL FATAL floating point instr. enabled.....1 - <*> 2005.06.14 <*> <*> <*> RAS KERNEL FATAL <*> <*> - <*> 2005.06.14 <*> <*> <*> RAS KERNEL FATAL <*> <*> <*> - <*> 2005.06.14 <*> <*> <*> RAS KERNEL FATAL <*> <*> <*> - 1118771115 2005.06.14 R26-M0-N5-C:J11-U11 2005-06-14-10.45.15.849740 R26-M0-N5-C:J11-U11 RAS KERNEL FATAL floating pt ex mode 0 enable......0 - <*> 2005.06.14 <*> <*> <*> RAS KERNEL FATAL program interrupt: <*> <*> - <*> 2005.06.14 <*> <*> <*> RAS KERNEL FATAL <*> <*> <*>,,0
86,- <*> 2005.06.14 <*> <*> <*> RAS KERNEL FATAL floating point instr. enabled.....1 - <*> 2005.06.14 <*> <*> <*> RAS KERNEL FATAL <*> <*> - <*> 2005.06.14 <*> <*> <*> RAS KERNEL FATAL <*> <*> <*> - <*> 2005.06.14 <*> <*> <*> RAS KERNEL FATAL <*> <*> <*> - 1118771115 2005.06.14 R26-M0-N5-C:J11-U11 2005-06-14-10.45.15.849740 R26-M0-N5-C:J11-U11 RAS KERNEL FATAL floating pt ex mode 0 enable......0 - <*> 2005.06.14 <*> <*> <*> RAS KERNEL FATAL program interrupt: <*> <*> - <*> 2005.06.14 <*> <*> <*> RAS KERNEL FATAL <*> <*> <*> - <*> 2005.06.14 <*> <*> <*> RAS KERNEL FATAL floating pt ex mode <*> enable......0 - <*> 2005.06.14 <*> <*> <*> RAS KERNEL FATAL <*> <*> <*> - <*> 2005.06.14 <*> <*> <*> RAS KERNEL FATAL <*> <*> <*>,,0
87,- <*> 2005.06.14 <*> <*> <*> RAS KERNEL FATAL <*> <*> <*> - 1118771115 2005.06.14 R26-M0-N5-C:J11-U11 2005-06-14-10.45.15.849740 R26-M0-N5-C:J11-U11 RAS KERNEL FATAL floating pt ex mode 0 enable......0 - <*> 2005.06.14 <*> <*> <*> RAS KERNEL FATAL program interrupt: <*> <*> - <*> 2005.06.14 <*> <*> <*> RAS KERNEL FATAL <*> <*> <*> - <*> 2005.06.14 <*> <*> <*> RAS KERNEL FATAL floating pt ex mode <*> enable......0 - <*> 2005.06.14 <*> <*> <*> RAS KERNEL FATAL <*> <*> <*> - <*> 2005.06.14 <*> <*> <*> RAS KERNEL FATAL <*> <*> <*> - <*> 2005.06.14 <*> <*> <*> RAS KERNEL FATAL <*> <*> <*> - <*> 2005.06.14 <*> <*> <*> RAS KERNEL FATAL <*> <*> <*> - <*> 2005.06.14 <*> <*> <*> RAS KERNEL FATAL program interrupt: <*> <*>,,0
88,- <*> 2005.06.14 <*> <*> <*> RAS KERNEL FATAL <*> <*> <*> - <*> 2005.06.14 <*> <*> <*> RAS KERNEL FATAL floating pt ex mode <*> enable......0 - <*> 2005.06.14 <*> <*> <*> RAS KERNEL FATAL <*> <*> <*> - <*> 2005.06.14 <*> <*> <*> RAS KERNEL FATAL <*> <*> <*> - <*> 2005.06.14 <*> <*> <*> RAS KERNEL FATAL <*> <*> <*> - <*> 2005.06.14 <*> <*> <*> RAS KERNEL FATAL <*> <*> <*> - <*> 2005.06.14 <*> <*> <*> RAS KERNEL FATAL program interrupt: <*> <*> - <*> 2005.06.14 <*> <*> <*> RAS KERNEL FATAL <*> <*> register: <*> - <*> 2005.06.14 <*> <*> <*> RAS KERNEL FATAL program interrupt: <*> <*> - 1118771679 2005.06.14 R21-M1-N5-C:J05-U11 2005-06-14-10.54.39.063056 R21-M1-N5-C:J05-U11 RAS KERNEL FATAL program interrupt: fp cr update.............0,,0
89,- <*> 2005.06.14 <*> <*> <*> RAS KERNEL FATAL <*> <*> <*> - <*> 2005.06.14 <*> <*> <*> RAS KERNEL FATAL <*> <*> <*> - <*> 2005.06.14 <*> <*> <*> RAS KERNEL FATAL <*> <*> <*> - <*> 2005.06.14 <*> <*> <*> RAS KERNEL FATAL program interrupt: <*> <*> - <*> 2005.06.14 <*> <*> <*> RAS KERNEL FATAL <*> <*> register: <*> - <*> 2005.06.14 <*> <*> <*> RAS KERNEL FATAL program interrupt: <*> <*> - 1118771679 2005.06.14 R21-M1-N5-C:J05-U11 2005-06-14-10.54.39.063056 R21-M1-N5-C:J05-U11 RAS KERNEL FATAL program interrupt: fp cr update.............0 - 1118771823 2005.06.14 R26-M1-ND-C:J05-U11 2005-06-14-10.57.03.800229 R26-M1-ND-C:J05-U11 RAS KERNEL FATAL guaranteed instruction cache block touch.0 - <*> 2005.06.14 <*> <*> <*> RAS KERNEL FATAL guaranteed instruction cache block touch.0 - 1118771875 2005.06.14 R20-M1-NB-C:J11-U11 2005-06-14-10.57.55.166387 R20-M1-NB-C:J11-U11 RAS KERNEL FATAL program interrupt: fp cr field .............0,,0
90,- <*> 2005.06.14 <*> <*> <*> RAS KERNEL FATAL program interrupt: <*> <*> - <*> 2005.06.14 <*> <*> <*> RAS KERNEL FATAL <*> <*> register: <*> - <*> 2005.06.14 <*> <*> <*> RAS KERNEL FATAL program interrupt: <*> <*> - 1118771679 2005.06.14 R21-M1-N5-C:J05-U11 2005-06-14-10.54.39.063056 R21-M1-N5-C:J05-U11 RAS KERNEL FATAL program interrupt: fp cr update.............0 - 1118771823 2005.06.14 R26-M1-ND-C:J05-U11 2005-06-14-10.57.03.800229 R26-M1-ND-C:J05-U11 RAS KERNEL FATAL guaranteed instruction cache block touch.0 - <*> 2005.06.14 <*> <*> <*> RAS KERNEL FATAL guaranteed instruction cache block touch.0 - 1118771875 2005.06.14 R20-M1-NB-C:J11-U11 2005-06-14-10.57.55.166387 R20-M1-NB-C:J11-U11 RAS KERNEL FATAL program interrupt: fp cr field .............0 - <*> 2005.06.14 <*> <*> <*> RAS KERNEL FATAL program interrupt: fp cr field .............0 - <*> 2005.06.14 <*> <*> <*> RAS KERNEL FATAL program interrupt: fp cr field .............0 - <*> 2005.06.14 <*> <*> <*> RAS KERNEL FATAL guaranteed <*> cache block <*>,,0
91,- 1118771679 2005.06.14 R21-M1-N5-C:J05-U11 2005-06-14-10.54.39.063056 R21-M1-N5-C:J05-U11 RAS KERNEL FATAL program interrupt: fp cr update.............0 - 1118771823 2005.06.14 R26-M1-ND-C:J05-U11 2005-06-14-10.57.03.800229 R26-M1-ND-C:J05-U11 RAS KERNEL FATAL guaranteed instruction cache block touch.0 - <*> 2005.06.14 <*> <*> <*> RAS KERNEL FATAL guaranteed instruction cache block touch.0 - 1118771875 2005.06.14 R20-M1-NB-C:J11-U11 2005-06-14-10.57.55.166387 R20-M1-NB-C:J11-U11 RAS KERNEL FATAL program interrupt: fp cr field .............0 - <*> 2005.06.14 <*> <*> <*> RAS KERNEL FATAL program interrupt: fp cr field .............0 - <*> 2005.06.14 <*> <*> <*> RAS KERNEL FATAL program interrupt: fp cr field .............0 - <*> 2005.06.14 <*> <*> <*> RAS KERNEL FATAL guaranteed <*> cache block <*> - <*> 2005.06.14 <*> <*> <*> RAS KERNEL FATAL program interrupt: fp cr field .............0 - <*> <*> <*> <*> <*> RAS KERNEL FATAL force load/store alignment...............0 - <*> 2005.06.14 <*> <*> <*> RAS KERNEL FATAL <*> <*> <*>,,0
92,- 1118771875 2005.06.14 R20-M1-NB-C:J11-U11 2005-06-14-10.57.55.166387 R20-M1-NB-C:J11-U11 RAS KERNEL FATAL program interrupt: fp cr field .............0 - <*> 2005.06.14 <*> <*> <*> RAS KERNEL FATAL program interrupt: fp cr field .............0 - <*> 2005.06.14 <*> <*> <*> RAS KERNEL FATAL program interrupt: fp cr field .............0 - <*> 2005.06.14 <*> <*> <*> RAS KERNEL FATAL guaranteed <*> cache block <*> - <*> 2005.06.14 <*> <*> <*> RAS KERNEL FATAL program interrupt: fp cr field .............0 - <*> <*> <*> <*> <*> RAS KERNEL FATAL force load/store alignment...............0 - <*> 2005.06.14 <*> <*> <*> RAS KERNEL FATAL <*> <*> <*> - <*> 2005.06.14 <*> <*> <*> RAS KERNEL FATAL <*> <*> register: <*> - <*> 2005.06.14 <*> <*> <*> RAS KERNEL FATAL <*> <*> register: <*> - <*> 2005.06.14 <*> <*> <*> RAS KERNEL FATAL <*> <*> <*>,,0
93,- <*> 2005.06.14 <*> <*> <*> RAS KERNEL FATAL guaranteed <*> cache block <*> - <*> 2005.06.14 <*> <*> <*> RAS KERNEL FATAL program interrupt: fp cr field .............0 - <*> <*> <*> <*> <*> RAS KERNEL FATAL force load/store alignment...............0 - <*> 2005.06.14 <*> <*> <*> RAS KERNEL FATAL <*> <*> <*> - <*> 2005.06.14 <*> <*> <*> RAS KERNEL FATAL <*> <*> register: <*> - <*> 2005.06.14 <*> <*> <*> RAS KERNEL FATAL <*> <*> register: <*> - <*> 2005.06.14 <*> <*> <*> RAS KERNEL FATAL <*> <*> <*> - <*> 2005.06.14 <*> <*> <*> RAS KERNEL FATAL <*> <*> <*> - <*> 2005.06.14 <*> <*> <*> RAS KERNEL FATAL <*> <*> register: <*> - <*> 2005.06.14 <*> <*> <*> RAS KERNEL FATAL <*> <*> <*>,,0
94,- <*> 2005.06.14 <*> <*> <*> RAS KERNEL FATAL <*> <*> <*> - <*> 2005.06.14 <*> <*> <*> RAS KERNEL FATAL <*> <*> register: <*> - <*> 2005.06.14 <*> <*> <*> RAS KERNEL FATAL <*> <*> register: <*> - <*> 2005.06.14 <*> <*> <*> RAS KERNEL FATAL <*> <*> <*> - <*> 2005.06.14 <*> <*> <*> RAS KERNEL FATAL <*> <*> <*> - <*> 2005.06.14 <*> <*> <*> RAS KERNEL FATAL <*> <*> register: <*> - <*> 2005.06.14 <*> <*> <*> RAS KERNEL FATAL <*> <*> <*> - 1118772337 2005.06.14 R24-M0-N7-C:J06-U01 2005-06-14-11.05.37.845720 R24-M0-N7-C:J06-U01 RAS KERNEL FATAL critical input interrupt enable...0 - <*> 2005.06.14 <*> <*> <*> RAS KERNEL FATAL <*> <*> <*> - <*> 2005.06.14 <*> <*> <*> RAS KERNEL FATAL <*> <*> <*>,,0
95,- <*> 2005.06.14 <*> <*> <*> RAS KERNEL FATAL <*> <*> <*> - <*> 2005.06.14 <*> <*> <*> RAS KERNEL FATAL <*> <*> <*> - <*> 2005.06.14 <*> <*> <*> RAS KERNEL FATAL <*> <*> register: <*> - <*> 2005.06.14 <*> <*> <*> RAS KERNEL FATAL <*> <*> <*> - 1118772337 2005.06.14 R24-M0-N7-C:J06-U01 2005-06-14-11.05.37.845720 R24-M0-N7-C:J06-U01 RAS KERNEL FATAL critical input interrupt enable...0 - <*> 2005.06.14 <*> <*> <*> RAS KERNEL FATAL <*> <*> <*> - <*> 2005.06.14 <*> <*> <*> RAS KERNEL FATAL <*> <*> <*> - <*> 2005.06.14 <*> <*> <*> RAS KERNEL FATAL floating point instr. enabled.....1 - <*> 2005.06.14 <*> <*> <*> RAS KERNEL FATAL <*> <*> <*> - 1118772877 2005.06.14 R27-M1-N3-C:J04-U11 2005-06-14-11.14.37.821210 R27-M1-N3-C:J04-U11 RAS KERNEL FATAL lr:00004ed0 cr:28244842 xer:20000002 ctr:00086000,,0
96,- <*> 2005.06.14 <*> <*> <*> RAS KERNEL FATAL <*> <*> <*> - 1118772337 2005.06.14 R24-M0-N7-C:J06-U01 2005-06-14-11.05.37.845720 R24-M0-N7-C:J06-U01 RAS KERNEL FATAL critical input interrupt enable...0 - <*> 2005.06.14 <*> <*> <*> RAS KERNEL FATAL <*> <*> <*> - <*> 2005.06.14 <*> <*> <*> RAS KERNEL FATAL <*> <*> <*> - <*> 2005.06.14 <*> <*> <*> RAS KERNEL FATAL floating point instr. enabled.....1 - <*> 2005.06.14 <*> <*> <*> RAS KERNEL FATAL <*> <*> <*> - 1118772877 2005.06.14 R27-M1-N3-C:J04-U11 2005-06-14-11.14.37.821210 R27-M1-N3-C:J04-U11 RAS KERNEL FATAL lr:00004ed0 cr:28244842 xer:20000002 ctr:00086000 - <*> 2005.06.14 <*> <*> <*> RAS KERNEL FATAL <*> <*> <*> - <*> 2005.06.14 <*> <*> <*> RAS KERNEL FATAL floating pt ex mode <*> enable......0 - <*> 2005.06.14 <*> <*> <*> RAS KERNEL FATAL floating pt ex mode <*> enable......0,,0
97,- <*> 2005.06.14 <*> <*> <*> RAS KERNEL FATAL <*> <*> <*> - <*> 2005.06.14 <*> <*> <*> RAS KERNEL FATAL floating point instr. enabled.....1 - <*> 2005.06.14 <*> <*> <*> RAS KERNEL FATAL <*> <*> <*> - 1118772877 2005.06.14 R27-M1-N3-C:J04-U11 2005-06-14-11.14.37.821210 R27-M1-N3-C:J04-U11 RAS KERNEL FATAL lr:00004ed0 cr:28244842 xer:20000002 ctr:00086000 - <*> 2005.06.14 <*> <*> <*> RAS KERNEL FATAL <*> <*> <*> - <*> 2005.06.14 <*> <*> <*> RAS KERNEL FATAL floating pt ex mode <*> enable......0 - <*> 2005.06.14 <*> <*> <*> RAS KERNEL FATAL floating pt ex mode <*> enable......0 - <*> 2005.06.14 <*> <*> <*> RAS KERNEL FATAL <*> <*> <*> - <*> 2005.06.14 <*> <*> <*> RAS KERNEL FATAL floating pt ex mode <*> enable......0 - <*> 2005.06.14 <*> <*> <*> RAS KERNEL FATAL <*> <*> <*>,,0
98,- 1118772877 2005.06.14 R27-M1-N3-C:J04-U11 2005-06-14-11.14.37.821210 R27-M1-N3-C:J04-U11 RAS KERNEL FATAL lr:00004ed0 cr:28244842 xer:20000002 ctr:00086000 - <*> 2005.06.14 <*> <*> <*> RAS KERNEL FATAL <*> <*> <*> - <*> 2005.06.14 <*> <*> <*> RAS KERNEL FATAL floating pt ex mode <*> enable......0 - <*> 2005.06.14 <*> <*> <*> RAS KERNEL FATAL floating pt ex mode <*> enable......0 - <*> 2005.06.14 <*> <*> <*> RAS KERNEL FATAL <*> <*> <*> - <*> 2005.06.14 <*> <*> <*> RAS KERNEL FATAL floating pt ex mode <*> enable......0 - <*> 2005.06.14 <*> <*> <*> RAS KERNEL FATAL <*> <*> <*> - <*> 2005.06.14 <*> <*> <*> RAS KERNEL FATAL <*> <*> <*> - <*> 2005.06.14 <*> <*> <*> RAS KERNEL FATAL <*> <*> <*> - <*> 2005.06.14 <*> <*> <*> RAS KERNEL FATAL <*> <*> <*>,,0
99,- <*> 2005.06.14 <*> <*> <*> RAS KERNEL FATAL floating pt ex mode <*> enable......0 - <*> 2005.06.14 <*> <*> <*> RAS KERNEL FATAL <*> <*> <*> - <*> 2005.06.14 <*> <*> <*> RAS KERNEL FATAL floating pt ex mode <*> enable......0 - <*> 2005.06.14 <*> <*> <*> RAS KERNEL FATAL <*> <*> <*> - <*> 2005.06.14 <*> <*> <*> RAS KERNEL FATAL <*> <*> <*> - <*> 2005.06.14 <*> <*> <*> RAS KERNEL FATAL <*> <*> <*> - <*> 2005.06.14 <*> <*> <*> RAS KERNEL FATAL <*> <*> <*> - <*> 2005.06.14 <*> <*> <*> RAS KERNEL FATAL <*> <*> register: <*> - <*> 2005.06.14 <*> <*> <*> RAS KERNEL FATAL <*> <*> register: <*> - <*> 2005.06.14 <*> <*> <*> RAS KERNEL FATAL <*> <*> register: <*>,,0
100,- <*> 2005.06.14 <*> <*> <*> RAS KERNEL FATAL <*> <*> <*> - <*> 2005.06.14 <*> <*> <*> RAS KERNEL FATAL <*> <*> <*> - <*> 2005.06.14 <*> <*> <*> RAS KERNEL FATAL <*> <*> <*> - <*> 2005.06.14 <*> <*> <*> RAS KERNEL FATAL <*> <*> <*> - <*> 2005.06.14 <*> <*> <*> RAS KERNEL FATAL <*> <*> register: <*> - <*> 2005.06.14 <*> <*> <*> RAS KERNEL FATAL <*> <*> register: <*> - <*> 2005.06.14 <*> <*> <*> RAS KERNEL FATAL <*> <*> register: <*> - <*> 2005.06.14 <*> <*> <*> RAS KERNEL FATAL <*> <*> register: <*> - <*> 2005.06.14 <*> <*> <*> RAS KERNEL FATAL <*> <*> register: <*> - 1118773883 2005.06.14 R24-M1-N6-C:J17-U01 2005-06-14-11.31.23.322583 R24-M1-N6-C:J17-U01 RAS,,0
